Trade number,Instrument,Account,Strategy,Market pos.,Qty,Entry price,Exit price,Entry time,Exit time,Entry name,Exit name,Profit,Cum. net profit,Commission,Clearing Fee,Exchange Fee,IP Fee,NFA Fee,MAE,MFE,ETD,Bars,
1,MES 06-23,Sim101,5pt ATM,Short,1,4169.25,4158.25,5/23/2023 2:16:59 PM,5/23/2023 2:26:28 PM,Entry,Stop1,$55.00,$55.00,$0.00,$0.00,$0.00,$0.00,$0.00,$2.50,$81.25,$26.25,0,
2,MES 09-23,Sim101,5pt ATM,Long,1,4493.75,4494.25,8/14/2023 11:18:46 AM,8/14/2023 12:12:50 PM,Entry,Stop1,$2.50,$57.50,$0.00,$0.00,$0.00,$0.00,$0.00,$6.25,$47.50,$45.00,0,
3,MES 09-23,Sim101,5pt ATM,Short,1,4497.25,4496.75,8/14/2023 12:59:25 PM,8/14/2023 3:20:52 PM,Entry,Stop1,$2.50,$60.00,$0.00,$0.00,$0.00,$0.00,$0.00,$25.00,$45.00,$42.50,0,
4,MNQ 12-23,SimPaperEdge,NQ - No Trail,Short,1,14451.75,14477.00,10/31/2023 2:32:18 PM,10/31/2023 2:48:08 PM,Entry,Stop1,($50.50),$9.50,$0.00,$0.00,$0.00,$0.00,$0.00,$51.50,$10.50,$61.00,0,
5,MNQ 12-23,SimPaperEdge,NQ - No Trail,Short,1,14457.75,14477.00,10/31/2023 2:33:15 PM,10/31/2023 2:48:08 PM,Entry,Stop1,($38.50),($29.00),$0.00,$0.00,$0.00,$0.00,$0.00,$39.50,$22.50,$61.00,0,
6,MNQ 12-23,SimPaperEdge,NQ - No Trail,Short,1,14464.25,14477.00,10/31/2023 2:42:49 PM,10/31/2023 2:48:08 PM,Entry,Stop1,($25.50),($54.50),$0.00,$0.00,$0.00,$0.00,$0.00,$26.50,$7.00,$32.50,0,
7,MNQ 12-23,SimPaperEdge,NQ - No Trail,Long,1,14623.00,14633.00,11/1/2023 2:30:13 PM,11/1/2023 2:31:26 PM,Entry,Target1,$20.00,($34.50),$0.00,$0.00,$0.00,$0.00,$0.00,$9.00,$20.50,$0.50,0,
8,MNQ 12-23,SimPaperEdge,NQ - No Trail,Long,1,14643.00,14653.00,11/1/2023 2:36:15 PM,11/1/2023 2:36:35 PM,Entry,Target1,$20.00,($14.50),$0.00,$0.00,$0.00,$0.00,$0.00,$5.00,$20.50,$0.50,0,
9,MNQ 12-23,SimPaperEdge,NQ - No Trail,Long,1,14584.50,14594.50,11/1/2023 2:44:51 PM,11/1/2023 2:45:44 PM,Entry,Target1,$20.00,$5.50,$0.00,$0.00,$0.00,$0.00,$0.00,$27.50,$21.00,$1.00,0,
10,MNQ 12-23,SimPaperEdge,NQ - No Trail,Short,1,15565.25,15582.50,11/13/2023 2:09:54 PM,11/13/2023 2:25:27 PM,Entry,Stop1,($34.50),($29.00),$0.00,$0.00,$0.00,$0.00,$0.00,$35.00,$13.00,$47.50,0,
11,MNQ 12-23,SimPaperEdge,NQ - No Trail,Short,1,15576.00,15582.50,11/13/2023 2:23:21 PM,11/13/2023 2:25:27 PM,Entry,Stop1,($13.00),($42.00),$0.00,$0.00,$0.00,$0.00,$0.00,$13.50,$4.00,$17.00,0,
12,MNQ 12-23,SimPaperEdge,NQ - No Trail,Short,1,15579.00,15568.75,11/13/2023 2:31:03 PM,11/13/2023 2:53:31 PM,Entry,Target1,$20.50,($21.50),$0.00,$0.00,$0.00,$0.00,$0.00,$19.50,$21.00,$0.50,0,
13,MNQ 12-23,SimPaperEdge,NQ - No Trail,Long,1,15574.50,15564.50,11/13/2023 2:55:45 PM,11/13/2023 3:01:19 PM,Entry,Stop1,($20.00),($41.50),$0.00,$0.00,$0.00,$0.00,$0.00,$20.00,$2.00,$22.00,0,
14,MNQ 12-23,SimPaperEdge,NQ - No Trail,Long,1,15561.50,15571.50,11/13/2023 3:02:59 PM,11/13/2023 3:09:46 PM,Entry,Target1,$20.00,($21.50),$0.00,$0.00,$0.00,$0.00,$0.00,$5.00,$20.50,$0.50,0,
15,MNQ 12-23,SimPaperEdge,NQ - No Trail,Long,1,15565.00,15550.50,11/13/2023 3:37:25 PM,11/13/2023 3:52:58 PM,Entry,Stop1,($29.00),($50.50),$0.00,$0.00,$0.00,$0.00,$0.00,$29.50,$15.00,$44.00,0,
16,MNQ 12-23,SimPaperEdge,NQ - No Trail,Long,1,15555.00,15550.50,11/13/2023 3:52:50 PM,11/13/2023 3:52:58 PM,Entry,Stop1,($9.00),($59.50),$0.00,$0.00,$0.00,$0.00,$0.00,$9.50,$0.50,$9.50,0,
17,MNQ 12-23,SimPaperEdge,NQ - No Trail,Long,1,15791.75,15801.75,11/14/2023 8:46:17 AM,11/14/2023 8:49:47 AM,Entry,Target1,$20.00,($39.50),$0.00,$0.00,$0.00,$0.00,$0.00,$6.50,$20.00,$0.00,0,
18,MNQ 12-23,SimPaperEdge,NQ - No Trail,Long,1,15876.50,15886.50,11/14/2023 10:04:04 AM,11/14/2023 10:05:52 AM,Entry,Target1,$20.00,($19.50),$0.00,$0.00,$0.00,$0.00,$0.00,$2.50,$20.50,$0.50,0,
19,MNQ 12-23,SimPaperEdge,NQ - No Trail,Long,1,15868.75,15848.00,11/14/2023 10:07:25 AM,11/14/2023 10:20:35 AM,Entry,Stop1,($41.50),($61.00),$0.00,$0.00,$0.00,$0.00,$0.00,$43.00,$3.50,$45.00,0,
20,MNQ 12-23,SimPaperEdge,NQ - No Trail,Long,1,15855.00,15848.00,11/14/2023 10:07:58 AM,11/14/2023 10:20:35 AM,Entry,Stop1,($14.00),($75.00),$0.00,$0.00,$0.00,$0.00,$0.00,$15.50,$31.00,$45.00,0,
21,MNQ 12-23,SimPaperEdge,NQ - No Trail,Short,1,15866.50,15876.50,11/14/2023 11:35:51 AM,11/14/2023 11:44:37 AM,Entry,Stop1,($20.00),($95.00),$0.00,$0.00,$0.00,$0.00,$0.00,$20.00,$9.50,$29.50,0,
22,MNQ 12-23,SimPaperEdge,NQ - No Trail,Long,1,15870.00,15860.00,11/14/2023 11:49:09 AM,11/14/2023 11:49:21 AM,Entry,Stop1,($20.00),($115.00),$0.00,$0.00,$0.00,$0.00,$0.00,$21.00,$0.50,$20.50,0,
23,MNQ 12-23,SimPaperEdge,NQ - No Trail,Long,1,15865.00,15855.00,11/14/2023 11:49:38 AM,11/14/2023 11:51:01 AM,Entry,Stop1,($20.00),($135.00),$0.00,$0.00,$0.00,$0.00,$0.00,$23.00,$3.00,$23.00,0,
24,MNQ 12-23,SimPaperEdge,NQ - No Trail,Short,1,15849.75,15835.75,11/14/2023 12:01:29 PM,11/14/2023 12:07:49 PM,Entry,Target1,$28.00,($107.00),$0.00,$0.00,$0.00,$0.00,$0.00,$17.00,$31.00,$3.00,0,
25,MNQ 12-23,SimPaperEdge,NQ - No Trail,Short,1,15846.50,15836.50,11/14/2023 12:18:55 PM,11/14/2023 12:24:05 PM,Entry,Target1,$20.00,($87.00),$0.00,$0.00,$0.00,$0.00,$0.00,$5.00,$21.00,$1.00,0,
26,MNQ 12-23,SimPaperEdge,NQ - No Trail,Short,1,15846.50,15862.50,11/14/2023 12:25:43 PM,11/14/2023 12:45:45 PM,Entry,Stop1,($32.00),($119.00),$0.00,$0.00,$0.00,$0.00,$0.00,$33.00,$20.00,$52.00,0,
27,MNQ 12-23,SimPaperEdge,NQ - No Trail,Short,1,15856.50,15862.50,11/14/2023 12:38:34 PM,11/14/2023 12:45:45 PM,Entry,Stop1,($12.00),($131.00),$0.00,$0.00,$0.00,$0.00,$0.00,$13.00,$10.00,$22.00,0,
28,MNQ 12-23,SimPaperEdge,NQ - No Trail,Long,1,15877.75,15867.75,11/14/2023 12:58:49 PM,11/14/2023 1:15:28 PM,Entry,Stop1,($20.00),($151.00),$0.00,$0.00,$0.00,$0.00,$0.00,$20.00,$11.00,$31.00,0,
29,MNQ 12-23,SimPaperEdge,NQ - No Trail,Short,1,15907.75,15897.75,11/15/2023 12:53:59 PM,11/15/2023 12:58:03 PM,Entry,Target1,$20.00,($131.00),$0.00,$0.00,$0.00,$0.00,$0.00,$3.50,$20.00,$0.00,0,
30,MNQ 12-23,SimPaperEdge,NQ - No Trail,Short,1,15855.50,15863.25,11/15/2023 1:12:10 PM,11/15/2023 1:22:05 PM,Entry,Stop1,($16.72),($147.72),$1.22,$0.00,$0.00,$0.00,$0.00,$15.50,$46.00,$62.72,0,
31,MNQ 12-23,SimPaperEdge,NQ - No Trail,Short,1,15845.00,15863.25,11/15/2023 1:13:41 PM,11/15/2023 1:22:05 PM,Entry,Stop1,($37.72),($185.44),$1.22,$0.00,$0.00,$0.00,$0.00,$36.50,$25.00,$62.72,0,
32,MNQ 12-23,SimPaperEdge,NQ - No Trail,Short,1,15840.25,15863.25,11/15/2023 1:15:00 PM,11/15/2023 1:22:05 PM,Entry,Stop1,($47.22),($232.66),$1.22,$0.00,$0.00,$0.00,$0.00,$46.00,$15.50,$62.72,0,
33,MNQ 12-23,SimPaperEdge,NQ - No Trail,Short,1,15877.00,15887.00,11/15/2023 1:27:57 PM,11/15/2023 1:32:33 PM,Entry,Stop1,($21.22),($253.88),$1.22,$0.00,$0.00,$0.00,$0.00,$20.00,$8.00,$29.22,0,
34,MNQ 12-23,SimPaperEdge,NQ - No Trail,Short,1,15824.50,15834.50,11/16/2023 10:41:54 AM,11/16/2023 10:42:42 AM,Entry,Stop1,($21.22),($275.10),$1.22,$0.00,$0.00,$0.00,$0.00,$20.00,$19.50,$40.72,0,
35,MNQ 12-23,SimPaperEdge,NQ - No Trail,Short,1,15849.50,15859.50,11/16/2023 10:47:02 AM,11/16/2023 10:47:42 AM,Entry,Stop1,($21.22),($296.32),$1.22,$0.00,$0.00,$0.00,$0.00,$20.50,$4.50,$25.72,0,
36,MNQ 12-23,SimPaperEdge,NQ - No Trail,Long,1,15851.00,15841.00,11/16/2023 10:49:21 AM,11/16/2023 10:51:26 AM,Entry,Stop1,($21.22),($317.54),$1.22,$0.00,$0.00,$0.00,$0.00,$20.00,$0.00,$21.22,0,
37,MNQ 12-23,SimPaperEdge,NQ - No Trail,Long,1,15843.75,15833.75,11/16/2023 11:07:22 AM,11/16/2023 11:09:22 AM,Entry,Stop1,($21.22),($338.76),$1.22,$0.00,$0.00,$0.00,$0.00,$20.00,$9.50,$30.72,0,
38,MNQ 12-23,SimPaperEdge,NQ - No Trail,Long,1,15837.75,15826.25,11/16/2023 11:10:11 AM,11/16/2023 11:12:53 AM,Entry,Stop1,($24.22),($362.98),$1.22,$0.00,$0.00,$0.00,$0.00,$24.00,$11.50,$35.72,0,
39,MNQ 12-23,SimPaperEdge,NQ - No Trail,Long,1,15834.50,15826.25,11/16/2023 11:12:22 AM,11/16/2023 11:12:53 AM,Entry,Stop1,($17.72),($380.70),$1.22,$0.00,$0.00,$0.00,$0.00,$17.50,$1.00,$18.72,0,
40,MNQ 12-23,SimPaperEdge,NQ - No Trail,Short,1,15822.50,15812.25,11/16/2023 11:22:45 AM,11/16/2023 11:29:35 AM,Entry,Target1,$19.28,($361.42),$1.22,$0.00,$0.00,$0.00,$0.00,$6.00,$22.00,$2.72,0,
41,MNQ 12-23,SimPaperEdge,NQ - No Trail,Short,1,15800.50,15815.50,11/16/2023 11:38:47 AM,11/16/2023 11:41:01 AM,Entry,Stop1,($31.22),($392.64),$1.22,$0.00,$0.00,$0.00,$0.00,$31.00,$0.50,$31.72,0,
42,MNQ 12-23,SimPaperEdge,NQ - No Trail,Long,1,15830.00,15849.25,11/16/2023 11:47:50 AM,11/16/2023 11:51:00 AM,Entry,Target1,$37.28,($355.36),$1.22,$0.00,$0.00,$0.00,$0.00,$2.50,$39.00,$1.72,0,
43,MNQ 12-23,SimPaperEdge,NQ - No Trail,Short,1,15843.25,15853.25,11/16/2023 11:51:55 AM,11/16/2023 12:06:14 PM,Entry,Stop1,($21.22),($376.58),$1.22,$0.00,$0.00,$0.00,$0.00,$22.00,$17.50,$38.72,0,
44,MNQ 12-23,SimPaperEdge,NQ - No Trail,Long,1,15858.25,15868.25,11/16/2023 12:09:20 PM,11/16/2023 12:13:19 PM,Entry,Target1,$18.78,($357.80),$1.22,$0.00,$0.00,$0.00,$0.00,$5.00,$20.50,$1.72,0,
45,MNQ 12-23,SimPaperEdge,NQ - No Trail,Short,1,15888.25,15867.00,11/16/2023 12:47:00 PM,11/16/2023 1:09:01 PM,Entry,Target1,$41.28,($316.52),$1.22,$0.00,$0.00,$0.00,$0.00,$13.00,$61.50,$20.22,0,
46,MNQ 12-23,SimPaperEdge,NQ - No Trail,Short,1,15878.50,15857.50,11/16/2023 12:52:53 PM,11/16/2023 1:12:13 PM,Entry,Target1,$40.78,($275.74),$1.22,$0.00,$0.00,$0.00,$0.00,$18.50,$42.00,$1.22,0,
47,MNQ 12-23,SimPaperEdge,NQ - No Trail,Long,1,15867.00,15857.00,11/16/2023 1:16:04 PM,11/16/2023 1:19:36 PM,Entry,Stop1,($21.22),($296.96),$1.22,$0.00,$0.00,$0.00,$0.00,$20.00,$9.00,$30.22,0,
48,MNQ 12-23,SimPaperEdge,NQ - No Trail,Short,1,15853.00,15863.00,11/16/2023 1:20:23 PM,11/16/2023 1:25:29 PM,Entry,Stop1,($21.22),($318.18),$1.22,$0.00,$0.00,$0.00,$0.00,$20.00,$16.00,$37.22,0,
49,MNQ 12-23,SimPaperEdge,NQ - No Trail,Long,1,15872.75,15862.50,11/16/2023 1:25:55 PM,11/16/2023 1:28:38 PM,Entry,Stop1,($21.72),($339.90),$1.22,$0.00,$0.00,$0.00,$0.00,$20.50,$5.50,$27.22,0,
50,MNQ 12-23,SimPaperEdge,NQ - No Trail,Long,1,15855.25,15874.00,11/16/2023 1:34:51 PM,11/16/2023 1:37:32 PM,Entry,Target1,$36.28,($303.62),$1.22,$0.00,$0.00,$0.00,$0.00,$5.50,$37.50,$1.22,0,
51,MNQ 12-23,SimPaperEdge,NQ - No Trail,Long,1,15865.00,15874.00,11/16/2023 1:36:27 PM,11/16/2023 1:37:32 PM,Entry,Target1,$16.78,($286.84),$1.22,$0.00,$0.00,$0.00,$0.00,$0.50,$18.00,$1.22,0,
52,MNQ 12-23,SimPaperEdge,NQ - No Trail,Short,1,15872.75,15861.75,11/16/2023 1:37:58 PM,11/16/2023 1:39:59 PM,Entry,Target1,$20.78,($266.06),$1.22,$0.00,$0.00,$0.00,$0.00,$5.00,$22.00,$1.22,0,
53,MNQ 12-23,SimPaperEdge,NQ - No Trail,Short,1,15872.75,15861.75,11/16/2023 1:37:58 PM,11/16/2023 1:39:59 PM,Entry,Target1,$20.78,($245.28),$1.22,$0.00,$0.00,$0.00,$0.00,$5.00,$22.00,$1.22,0,
54,MNQ 12-23,SimPaperEdge,NQ - No Trail,Long,1,15857.75,15844.25,11/16/2023 1:40:13 PM,11/16/2023 1:47:34 PM,Entry,Stop1,($28.22),($273.50),$1.22,$0.00,$0.00,$0.00,$0.00,$27.50,$18.00,$46.22,0,
55,MNQ 12-23,SimPaperEdge,NQ - No Trail,Long,1,15847.75,15843.00,11/16/2023 1:50:30 PM,11/16/2023 1:57:41 PM,Entry,Stop1,($10.72),($284.22),$1.22,$0.00,$0.00,$0.00,$0.00,$10.00,$20.50,$31.22,0,
56,MNQ 12-23,SimPaperEdge,NQ - No Trail,Long,1,15858.00,15843.00,11/16/2023 1:53:07 PM,11/16/2023 1:57:41 PM,Entry,Stop1,($31.22),($315.44),$1.22,$0.00,$0.00,$0.00,$0.00,$30.50,$0.00,$31.22,0,
57,MNQ 12-23,SimPaperEdge,NQ - No Trail,Long,1,15842.75,15862.50,11/16/2023 2:00:30 PM,11/16/2023 2:12:43 PM,Entry,Target1,$38.28,($277.16),$1.22,$0.00,$0.00,$0.00,$0.00,$3.50,$39.50,$1.22,0,
58,MNQ 12-23,SimPaperEdge,NQ - No Trail,Long,1,15852.00,15862.50,11/16/2023 2:04:15 PM,11/16/2023 2:12:43 PM,Entry,Target1,$19.78,($257.38),$1.22,$0.00,$0.00,$0.00,$0.00,$16.00,$21.00,$1.22,0,
59,MNQ 12-23,SimPaperEdge,NQ - No Trail,Short,1,15855.50,15865.50,11/16/2023 2:26:11 PM,11/16/2023 2:33:42 PM,Entry,Stop1,($21.22),($278.60),$1.22,$0.00,$0.00,$0.00,$0.00,$20.00,$12.50,$33.72,0,
60,MNQ 12-23,SimPaperEdge,NQ - No Trail,Short,1,15865.75,15881.00,11/16/2023 2:37:08 PM,11/16/2023 2:44:18 PM,Entry,Stop1,($31.72),($310.32),$1.22,$0.00,$0.00,$0.00,$0.00,$31.50,$1.50,$33.22,0,
61,MNQ 12-23,SimPaperEdge,NQ - No Trail,Short,1,15873.50,15881.00,11/16/2023 2:40:54 PM,11/16/2023 2:44:18 PM,Entry,Stop1,($16.22),($326.54),$1.22,$0.00,$0.00,$0.00,$0.00,$16.00,$7.00,$23.22,0,
62,MNQ 12-23,SimPaperEdge,NQ - No Trail,Long,1,15891.25,15881.25,11/16/2023 2:47:19 PM,11/16/2023 2:51:37 PM,Entry,Stop1,($21.22),($347.76),$1.22,$0.00,$0.00,$0.00,$0.00,$20.00,$4.00,$25.22,0,
63,MNQ 12-23,SimPaperEdge,NQ - No Trail,Long,1,15853.75,15843.75,11/17/2023 11:13:08 AM,11/17/2023 11:15:36 AM,Entry,Stop1,($21.22),($368.98),$1.22,$0.00,$0.00,$0.00,$0.00,$20.00,$7.00,$28.22,0,
64,MNQ 12-23,SimPaperEdge,NQ - No Trail,Short,1,15841.50,15862.25,11/17/2023 11:20:17 AM,11/17/2023 11:23:38 AM,Entry,Stop1,($42.72),($411.70),$1.22,$0.00,$0.00,$0.00,$0.00,$41.50,$1.00,$43.72,0,
65,MNQ 12-23,SimPaperEdge,NQ - No Trail,Short,1,15851.75,15862.25,11/17/2023 11:21:56 AM,11/17/2023 11:23:38 AM,Entry,Stop1,($22.22),($433.92),$1.22,$0.00,$0.00,$0.00,$0.00,$21.00,$4.00,$26.22,0,
66,MNQ 12-23,SimPaperEdge,NQ - No Trail,Short,1,15862.25,15852.25,11/17/2023 11:23:58 AM,11/17/2023 11:25:38 AM,Entry,Target1,$18.78,($415.14),$1.22,$0.00,$0.00,$0.00,$0.00,$0.00,$20.00,$1.22,0,
67,MNQ 12-23,SimPaperEdge,NQ - No Trail,Short,1,15856.75,15859.50,11/17/2023 11:28:33 AM,11/17/2023 11:41:01 AM,Entry,Stop1,($6.72),($421.86),$1.22,$0.00,$0.00,$0.00,$0.00,$16.00,$13.00,$19.72,0,
68,MNQ 12-23,SimPaperEdge,NQ - No Trail,Short,1,15863.00,15859.50,11/17/2023 11:39:32 AM,11/17/2023 11:41:01 AM,Entry,Stop1,$5.78,($416.08),$1.22,$0.00,$0.00,$0.00,$0.00,$3.50,$25.00,$19.22,0,
69,MNQ 12-23,SimPaperEdge,NQ - No Trail,Short,1,15850.75,15859.50,11/17/2023 11:40:38 AM,11/17/2023 11:41:01 AM,Entry,Stop1,($18.72),($434.80),$1.22,$0.00,$0.00,$0.00,$0.00,$28.00,$0.50,$19.22,0,
70,MNQ 12-23,SimPaperEdge,NQ - No Trail,Long,1,15853.75,15862.25,11/17/2023 11:41:27 AM,11/17/2023 11:42:12 AM,Entry,Target1,$15.78,($419.02),$1.22,$0.00,$0.00,$0.00,$0.00,$0.50,$17.50,$1.72,0,
71,MNQ 12-23,SimPaperEdge,NQ - No Trail,Short,1,15866.00,15856.50,11/17/2023 11:44:10 AM,11/17/2023 11:50:37 AM,Entry,Target1,$17.78,($401.24),$1.22,$0.00,$0.00,$0.00,$0.00,$12.50,$19.00,$1.22,0,
72,MNQ 12-23,SimPaperEdge,NQ - No Trail,Long,1,15859.25,15869.25,11/17/2023 11:50:57 AM,11/17/2023 11:53:20 AM,Entry,Target1,$18.78,($382.46),$1.22,$0.00,$0.00,$0.00,$0.00,$0.50,$20.50,$1.72,0,
73,MNQ 12-23,SimPaperEdge,NQ - No Trail,Short,1,15870.50,15883.50,11/17/2023 11:56:15 AM,11/17/2023 12:02:53 PM,Entry,Stop1,($27.22),($409.68),$1.22,$0.00,$0.00,$0.00,$0.00,$26.00,$1.50,$28.72,0,
74,MNQ 12-23,SimPaperEdge,NQ - No Trail,Short,1,15876.50,15883.50,11/17/2023 11:58:37 AM,11/17/2023 12:02:53 PM,Entry,Stop1,($15.22),($424.90),$1.22,$0.00,$0.00,$0.00,$0.00,$14.00,$5.50,$20.72,0,
75,MNQ 12-23,SimPaperEdge,NQ - No Trail,Long,1,15884.75,15894.75,11/17/2023 12:03:05 PM,11/17/2023 12:08:26 PM,Entry,Target1,$18.78,($406.12),$1.22,$0.00,$0.00,$0.00,$0.00,$7.00,$20.50,$1.72,0,
76,MNQ 12-23,SimPaperEdge,NQ - No Trail,Short,1,15886.25,15876.00,11/17/2023 12:10:26 PM,11/17/2023 12:21:08 PM,Entry,Target1,$19.28,($386.84),$1.22,$0.00,$0.00,$0.00,$0.00,$17.00,$20.50,$1.22,0,
77,MNQ 12-23,SimPaperEdge,NQ - No Trail,Short,1,15866.00,15878.25,11/17/2023 12:25:20 PM,11/17/2023 12:41:30 PM,Entry,Stop1,($25.72),($412.56),$1.22,$0.00,$0.00,$0.00,$0.00,$24.50,$5.00,$30.72,0,
78,MNQ 12-23,SimPaperEdge,NQ - No Trail,Short,1,15871.75,15878.25,11/17/2023 12:30:13 PM,11/17/2023 12:41:30 PM,Entry,Stop1,($14.22),($426.78),$1.22,$0.00,$0.00,$0.00,$0.00,$13.00,$14.00,$28.22,0,
79,MNQ 12-23,SimPaperEdge,NQ - No Trail,Long,1,15879.25,15884.50,11/17/2023 12:42:04 PM,11/17/2023 12:56:08 PM,Entry,Stop1,$9.28,($417.50),$1.22,$0.00,$0.00,$0.00,$0.00,$9.50,$20.50,$11.22,0,
80,MNQ 12-23,SimPaperEdge,NQ - No Trail,Long,1,15889.25,15884.50,11/17/2023 12:55:04 PM,11/17/2023 12:56:08 PM,Entry,Stop1,($10.72),($428.22),$1.22,$0.00,$0.00,$0.00,$0.00,$9.50,$0.50,$11.22,0,
81,MNQ 12-23,SimPaperEdge,NQ - No Trail,Short,1,15891.25,15901.25,11/17/2023 1:04:30 PM,11/17/2023 1:11:29 PM,Entry,Stop1,($21.22),($449.44),$1.22,$0.00,$0.00,$0.00,$0.00,$20.50,$9.00,$30.22,0,
82,MNQ 12-23,SimPaperEdge,NQ - No Trail,Long,1,15900.00,15910.00,11/17/2023 1:53:47 PM,11/17/2023 1:59:25 PM,Entry,Target1,$18.78,($430.66),$1.22,$0.00,$0.00,$0.00,$0.00,$9.50,$21.00,$2.22,0,
83,MNQ 12-23,SimPaperEdge,NQ - No Trail,Short,1,15917.75,15927.75,11/17/2023 2:01:04 PM,11/17/2023 2:05:09 PM,Entry,Stop1,($21.22),($451.88),$1.22,$0.00,$0.00,$0.00,$0.00,$20.00,$7.50,$28.72,0,
84,MNQ 12-23,SimPaperEdge,NQ - No Trail,Long,1,15929.50,15939.50,11/17/2023 2:07:20 PM,11/17/2023 2:10:12 PM,Entry,Target1,$18.78,($433.10),$1.22,$0.00,$0.00,$0.00,$0.00,$0.50,$20.00,$1.22,0,
85,MNQ 12-23,SimPaperEdge,NQ - No Trail,Long,1,15932.25,15922.25,11/17/2023 2:13:18 PM,11/17/2023 2:20:54 PM,Entry,Stop1,($21.22),($454.32),$1.22,$0.00,$0.00,$0.00,$0.00,$20.00,$8.50,$29.72,0,
86,MNQ 12-23,SimPaperEdge,NQ - No Trail,Short,1,16051.75,16065.75,11/29/2023 11:50:38 AM,11/29/2023 11:53:44 AM,Entry,Stop1,($29.22),($483.54),$1.22,$0.00,$0.00,$0.00,$0.00,$28.50,$2.50,$31.72,0,
87,MNQ 12-23,SimPaperEdge,NQ - No Trail,Long,1,16067.50,16057.50,11/29/2023 11:54:10 AM,11/29/2023 12:02:45 PM,Entry,Stop1,($21.22),($504.76),$1.22,$0.00,$0.00,$0.00,$0.00,$20.00,$6.00,$27.22,0,
88,MNQ 12-23,SimPaperEdge,NQ - No Trail,Short,1,16077.50,16083.50,11/29/2023 1:08:18 PM,11/29/2023 1:26:55 PM,Entry,Stop1,($13.22),($517.98),$1.22,$0.00,$0.00,$0.00,$0.00,$18.00,$23.00,$36.22,0,
89,MNQ 12-23,SimPaperEdge,NQ - No Trail,Short,1,16066.50,16083.50,11/29/2023 1:20:45 PM,11/29/2023 1:26:55 PM,Entry,Stop1,($35.22),($553.20),$1.22,$0.00,$0.00,$0.00,$0.00,$35.00,$1.00,$36.22,0,
90,MNQ 12-23,SimPaperEdge,NQ - No Trail,Short,1,16082.75,16069.50,11/29/2023 2:19:01 PM,11/29/2023 2:25:22 PM,Entry,Target1,$25.28,($527.92),$1.22,$0.00,$0.00,$0.00,$0.00,$2.50,$26.50,$1.22,0,
91,MNQ 12-23,SimPaperEdge,NQ - No Trail,Long,1,16064.25,16047.25,11/29/2023 2:30:15 PM,11/29/2023 2:36:04 PM,Entry,Stop1,($35.22),($563.14),$1.22,$0.00,$0.00,$0.00,$0.00,$36.00,$5.50,$40.72,0,
92,MNQ 12-23,SimPaperEdge,NQ - No Trail,Long,1,16056.25,16047.25,11/29/2023 2:35:54 PM,11/29/2023 2:36:04 PM,Entry,Stop1,($19.22),($582.36),$1.22,$0.00,$0.00,$0.00,$0.00,$20.00,$1.50,$20.72,0,
93,MNQ 12-23,SimPaperEdge,NQ - No Trail,Short,1,16040.75,16054.50,11/29/2023 2:36:09 PM,11/29/2023 2:45:36 PM,Entry,Stop1,($28.72),($611.08),$1.22,$0.00,$0.00,$0.00,$0.00,$28.00,$10.50,$39.22,0,
94,MNQ 12-23,SimPaperEdge,NQ - No Trail,Short,1,15893.00,15883.00,11/30/2023 1:04:46 PM,11/30/2023 1:06:50 PM,Entry,Target1,$18.78,($592.30),$1.22,$0.00,$0.00,$0.00,$0.00,$3.50,$20.00,$1.22,0,
95,MNQ 12-23,SimPaperEdge,NQ - No Trail,Short,1,15873.25,15885.75,11/30/2023 1:09:39 PM,11/30/2023 1:22:56 PM,Entry,Stop1,($26.22),($618.52),$1.22,$0.00,$0.00,$0.00,$0.00,$25.00,$8.50,$34.72,0,
96,MNQ 12-23,SimPaperEdge,NQ - No Trail,Short,1,15883.00,15873.00,11/30/2023 1:25:52 PM,11/30/2023 1:27:24 PM,Entry,Target1,$18.78,($599.74),$1.22,$0.00,$0.00,$0.00,$0.00,$1.00,$21.00,$2.22,0,
97,MNQ 12-23,SimPaperEdge,NQ - No Trail,Short,1,15860.00,15870.00,11/30/2023 1:31:12 PM,11/30/2023 1:32:06 PM,Entry,Stop1,($21.22),($620.96),$1.22,$0.00,$0.00,$0.00,$0.00,$21.50,$8.50,$29.72,0,
98,MNQ 12-23,SimPaperEdge,NQ - No Trail,Short,1,15872.00,15882.25,11/30/2023 1:32:58 PM,11/30/2023 1:34:17 PM,Entry,Stop1,($21.72),($642.68),$1.22,$0.00,$0.00,$0.00,$0.00,$20.50,$3.00,$24.72,0,
99,MNQ 12-23,SimPaperEdge,NQ - No Trail,Long,1,15920.50,15947.00,12/5/2023 10:04:03 AM,12/5/2023 10:46:19 AM,Entry,Target1,$51.78,($590.90),$1.22,$0.00,$0.00,$0.00,$0.00,$110.00,$53.00,$1.22,0,
100,MNQ 12-23,SimPaperEdge,NQ - No Trail,Long,1,15935.00,15947.00,12/5/2023 10:22:36 AM,12/5/2023 10:46:20 AM,Entry,Target1,$22.78,($568.12),$1.22,$0.00,$0.00,$0.00,$0.00,$139.00,$24.00,$1.22,0,
101,MNQ 12-23,SimPaperEdge,NQ - No Trail,Long,1,15871.75,15947.00,12/5/2023 10:27:03 AM,12/5/2023 10:46:20 AM,Entry,Target1,$149.28,($418.84),$1.22,$0.00,$0.00,$0.00,$0.00,$12.50,$150.50,$1.22,0,
102,MNQ 12-23,SimPaperEdge,NQ - No Trail,Short,1,15884.25,15869.75,12/5/2023 12:28:35 PM,12/5/2023 12:34:16 PM,Entry,Target1,$27.78,($391.06),$1.22,$0.00,$0.00,$0.00,$0.00,$10.00,$29.00,$1.22,0,
103,MNQ 12-23,SimPaperEdge,NQ - No Trail,Long,1,15868.00,15853.50,12/5/2023 12:34:29 PM,12/5/2023 12:43:05 PM,Entry,Stop1,($30.22),($421.28),$1.22,$0.00,$0.00,$0.00,$0.00,$29.00,$22.00,$52.22,0,
104,MNQ 12-23,SimPaperEdge,NQ - No Trail,Long,1,15905.25,15887.75,12/5/2023 3:13:57 PM,12/5/2023 3:44:18 PM,Entry,Stop1,($36.22),($457.50),$1.22,$0.00,$0.00,$0.00,$0.00,$35.50,$6.50,$42.72,0,
105,MNQ 12-23,SimPaperEdge,NQ - No Trail,Long,1,15894.75,15887.75,12/5/2023 3:30:02 PM,12/5/2023 3:44:18 PM,Entry,Stop1,($15.22),($472.72),$1.22,$0.00,$0.00,$0.00,$0.00,$14.50,$12.00,$27.22,0,
106,MNQ 12-23,SimPaperEdge,NQ - No Trail,Long,1,15893.50,15887.75,12/5/2023 3:38:39 PM,12/5/2023 3:44:18 PM,Entry,Stop1,($12.72),($485.44),$1.22,$0.00,$0.00,$0.00,$0.00,$12.00,$7.50,$20.22,0,
107,MNQ 12-23,SimPaperEdge,NQ - No Trail,Short,1,15879.75,15892.75,12/6/2023 11:46:50 AM,12/6/2023 11:53:01 AM,Entry,Stop1,($27.22),($512.66),$1.22,$0.00,$0.00,$0.00,$0.00,$28.00,$4.00,$31.22,0,
108,MNQ 12-23,SimPaperEdge,NQ - No Trail,Long,1,15902.25,15908.00,12/6/2023 11:55:55 AM,12/6/2023 12:00:54 PM,Entry,Stop1,$10.28,($502.38),$1.22,$0.00,$0.00,$0.00,$0.00,$4.00,$31.00,$20.72,0,
109,MNQ 12-23,SimPaperEdge,NQ - No Trail,Long,1,15913.25,15908.00,12/6/2023 11:59:06 AM,12/6/2023 12:00:54 PM,Entry,Stop1,($11.72),($514.10),$1.22,$0.00,$0.00,$0.00,$0.00,$10.50,$9.00,$20.72,0,
110,MNQ 12-23,SimPaperEdge,NQ - No Trail,Long,1,15904.50,15914.50,12/6/2023 12:04:11 PM,12/6/2023 12:13:44 PM,Entry,Stop1,$18.78,($495.32),$1.22,$0.00,$0.00,$0.00,$0.00,$7.50,$40.00,$21.22,0,
111,MNQ 12-23,SimPaperEdge,NQ - No Trail,Long,1,15914.50,15914.50,12/6/2023 12:07:29 PM,12/6/2023 12:13:44 PM,Entry,Stop1,($1.22),($496.54),$1.22,$0.00,$0.00,$0.00,$0.00,$8.00,$20.00,$21.22,0,
112,MNQ 12-23,SimPaperEdge,NQ - No Trail,Long,1,15919.25,15914.50,12/6/2023 12:11:19 PM,12/6/2023 12:13:44 PM,Entry,Stop1,($10.72),($507.26),$1.22,$0.00,$0.00,$0.00,$0.00,$9.50,$10.50,$21.22,0,
113,MNQ 12-23,SimPaperEdge,NQ - No Trail,Long,1,15908.00,15898.00,12/6/2023 12:15:00 PM,12/6/2023 12:19:21 PM,Entry,Stop1,($21.22),($528.48),$1.22,$0.00,$0.00,$0.00,$0.00,$20.00,$10.50,$31.72,0,
114,MNQ 12-23,SimPaperEdge,NQ - No Trail,Long,1,15897.00,15907.00,12/6/2023 12:26:09 PM,12/6/2023 12:40:30 PM,Entry,Target1,$18.78,($509.70),$1.22,$0.00,$0.00,$0.00,$0.00,$17.00,$21.00,$2.22,0,
115,MNQ 12-23,SimPaperEdge,NQ - No Trail,Short,1,15912.00,15902.00,12/6/2023 12:42:19 PM,12/6/2023 12:45:32 PM,Entry,Target1,$18.78,($490.92),$1.22,$0.00,$0.00,$0.00,$0.00,$0.50,$20.00,$1.22,0,
116,MNQ 12-23,SimPaperEdge,NQ - No Trail,Short,1,15860.00,15848.75,12/6/2023 1:05:56 PM,12/6/2023 1:06:17 PM,Entry,Target1,$21.28,($469.64),$1.22,$0.00,$0.00,$0.00,$0.00,$1.50,$23.50,$2.22,0,
117,MNQ 12-23,SimPaperEdge,NQ - No Trail,Short,1,16025.50,16020.50,12/7/2023 11:08:37 PM,12/8/2023 12:25:32 AM,Entry,Target1,$8.78,($460.86),$1.22,$0.00,$0.00,$0.00,$0.00,$9.00,$10.00,$1.22,0,
118,MNQ 12-23,SimPaperEdge,NQ - No Trail,Long,1,16040.50,16031.75,12/8/2023 10:05:28 AM,12/8/2023 10:05:29 AM,Entry,Stop1,($18.72),($479.58),$1.22,$0.00,$0.00,$0.00,$0.00,$25.00,$10.00,$28.72,0,
119,MNQ 12-23,SimPaperEdge,NQ - No Trail,Long,1,16040.25,16061.25,12/8/2023 10:05:54 AM,12/8/2023 10:07:10 AM,,Entry,$40.78,($438.80),$1.22,$0.00,$0.00,$0.00,$0.00,$4.00,$42.00,$1.22,0,
120,MNQ 12-23,SimPaperEdge,NQ - No Trail,Long,1,16098.25,16049.50,12/8/2023 10:18:45 AM,12/8/2023 10:35:48 AM,Entry,Stop1,($98.72),($537.52),$1.22,$0.00,$0.00,$0.00,$0.00,$97.50,$30.00,$128.72,0,
121,MNQ 12-23,SimPaperEdge,NQ - No Trail,Long,1,16108.25,16049.50,12/8/2023 10:24:25 AM,12/8/2023 10:35:48 AM,Entry,Stop1,($118.72),($656.24),$1.22,$0.00,$0.00,$0.00,$0.00,$117.50,$10.00,$128.72,0,
122,MNQ 12-23,SimPaperEdge,NQ - No Trail,Long,1,16085.50,16049.50,12/8/2023 10:31:07 AM,12/8/2023 10:35:48 AM,Entry,Stop1,($73.22),($729.46),$1.22,$0.00,$0.00,$0.00,$0.00,$72.00,$7.00,$80.22,0,
123,MNQ 12-23,SimPaperEdge,NQ - No Trail,Long,1,16054.75,16018.75,12/8/2023 10:47:46 AM,12/8/2023 11:38:47 AM,Entry,Stop1,($73.22),($802.68),$1.22,$0.00,$0.00,$0.00,$0.00,$76.00,$114.50,$187.72,0,
124,MNQ 12-23,SimPaperEdge,NQ - No Trail,Long,1,16087.25,16018.75,12/8/2023 10:53:15 AM,12/8/2023 11:38:48 AM,Entry,Stop1,($138.22),($940.90),$1.22,$0.00,$0.00,$0.00,$0.00,$141.00,$49.50,$187.72,0,
125,MNQ 12-23,SimPaperEdge,NQ - No Trail,Long,1,16097.00,16018.75,12/8/2023 10:57:18 AM,12/8/2023 11:38:48 AM,Entry,Stop1,($157.72),($1098.62),$1.22,$0.00,$0.00,$0.00,$0.00,$160.50,$30.00,$187.72,0,
126,MNQ 03-24,SimPaperEdge,NQ - No Trail,Long,1,16369.25,16359.25,12/11/2023 10:02:20 AM,12/11/2023 10:02:51 AM,Entry,Stop1,($21.22),($1119.84),$1.22,$0.00,$0.00,$0.00,$0.00,$20.50,$0.50,$21.72,0,
127,MNQ 03-24,SimPaperEdge,NQ - No Trail,Long,1,16903.75,16913.75,12/18/2023 11:59:45 AM,12/18/2023 12:02:44 PM,Entry,Target1,$18.78,($1101.06),$1.22,$0.00,$0.00,$0.00,$0.00,$0.50,$20.00,$1.22,0,
128,MNQ 03-24,SimPaperEdge,NQ - No Trail,Long,1,16916.00,16923.25,12/18/2023 12:08:26 PM,12/18/2023 4:32:00 PM,Entry,Close,$13.28,($1087.78),$1.22,$0.00,$0.00,$0.00,$0.00,$6.50,$116.50,$103.22,0,
129,MNQ 03-24,SimPaperEdge,NQ - No Trail,Long,1,16926.00,16923.25,12/18/2023 12:10:33 PM,12/18/2023 4:32:00 PM,Entry,Close,($6.72),($1094.50),$1.22,$0.00,$0.00,$0.00,$0.00,$26.50,$96.50,$103.22,0,
130,MNQ 03-24,SimPaperEdge,NQ - No Trail,Long,1,16949.25,16923.25,12/18/2023 1:25:26 PM,12/18/2023 4:32:00 PM,Entry,Close,($53.22),($1147.72),$1.22,$0.00,$0.00,$0.00,$0.00,$73.00,$50.00,$103.22,0,
131,MNQ 03-24,SimPaperEdge,NQ - No Trail,Long,1,16975.75,16991.75,12/19/2023 1:09:48 PM,12/19/2023 1:29:15 PM,Entry,Target1,$30.78,($1116.94),$1.22,$0.00,$0.00,$0.00,$0.00,$21.50,$35.00,$4.22,0,
132,MNQ 03-24,SimPaperEdge,NQ - No Trail,Long,1,16985.50,16991.75,12/19/2023 1:26:27 PM,12/19/2023 1:29:15 PM,Entry,Target1,$11.28,($1105.66),$1.22,$0.00,$0.00,$0.00,$0.00,$7.50,$15.50,$4.22,0,
133,MNQ 03-24,SimPaperEdge,NQ - No Trail,Short,1,16992.75,16985.00,12/19/2023 1:30:29 PM,12/19/2023 1:37:26 PM,Entry,Target1,$14.28,($1091.38),$1.22,$0.00,$0.00,$0.00,$0.00,$6.50,$21.00,$6.72,0,
134,MNQ 03-24,SimPaperEdge,NQ - No Trail,Short,1,16996.00,16995.00,12/19/2023 1:39:49 PM,12/19/2023 1:54:12 PM,Entry,Target1,$0.78,($1090.60),$1.22,$0.00,$0.00,$0.00,$0.00,$17.50,$3.00,$2.22,0,
135,MNQ 03-24,SimPaperEdge,NQ - No Trail,Short,1,17004.00,16995.00,12/19/2023 1:48:49 PM,12/19/2023 1:54:12 PM,Entry,Target1,$16.78,($1073.82),$1.22,$0.00,$0.00,$0.00,$0.00,$1.50,$19.00,$2.22,0,
136,MNQ 03-24,SimPaperEdge,NQ - No Trail,Long,1,16988.00,16998.00,12/19/2023 1:57:29 PM,12/19/2023 2:02:19 PM,Entry,Target1,$18.78,($1055.04),$1.22,$0.00,$0.00,$0.00,$0.00,$5.00,$21.00,$2.22,0,
137,MNQ 03-24,SimPaperEdge,NQ - No Trail,Short,1,17000.50,17000.25,12/19/2023 2:05:05 PM,12/19/2023 2:21:42 PM,Entry,Target1,($0.72),($1055.76),$1.22,$0.00,$0.00,$0.00,$0.00,$17.50,$10.50,$11.22,0,
138,MNQ 03-24,SimPaperEdge,NQ - No Trail,Short,1,17003.75,17000.25,12/19/2023 2:09:31 PM,12/19/2023 2:21:42 PM,Entry,Target1,$5.78,($1049.98),$1.22,$0.00,$0.00,$0.00,$0.00,$11.00,$17.00,$11.22,0,
139,MNQ 03-24,SimPaperEdge,NQ - No Trail,Short,1,17006.75,17000.25,12/19/2023 2:10:57 PM,12/19/2023 2:21:42 PM,Entry,Target1,$11.78,($1038.20),$1.22,$0.00,$0.00,$0.00,$0.00,$5.00,$23.00,$11.22,0,
140,MNQ 03-24,SimPaperEdge,NQ - No Trail,Long,1,17000.25,17004.50,12/19/2023 2:21:58 PM,12/19/2023 3:01:24 PM,Entry,Target1,$7.28,($1030.92),$1.22,$0.00,$0.00,$0.00,$0.00,$17.50,$14.50,$7.22,0,
141,MNQ 03-24,SimPaperEdge,NQ - No Trail,Long,1,16996.25,17004.50,12/19/2023 2:23:01 PM,12/19/2023 3:01:24 PM,Entry,Target1,$15.28,($1015.64),$1.22,$0.00,$0.00,$0.00,$0.00,$9.50,$22.50,$7.22,0,
142,MNQ 03-24,SimPaperEdge,NQ - No Trail,Long,1,16996.75,17004.50,12/19/2023 2:40:48 PM,12/19/2023 3:01:24 PM,Entry,Target1,$14.28,($1001.36),$1.22,$0.00,$0.00,$0.00,$0.00,$10.50,$15.50,$1.22,0,
143,MNQ 03-24,SimPaperEdge,NQ - No Trail,Long,1,16874.25,16884.25,12/21/2023 11:20:15 AM,12/21/2023 11:21:14 AM,Entry,Target1,$18.78,($982.58),$1.22,$0.00,$0.00,$0.00,$0.00,$15.00,$20.50,$1.72,0,
144,MNQ 03-24,SimPaperEdge,NQ - No Trail,Short,1,16884.75,16916.50,12/21/2023 11:21:21 AM,12/21/2023 11:36:37 AM,Entry,Stop1,($64.72),($1047.30),$1.22,$0.00,$0.00,$0.00,$0.00,$63.50,$18.00,$82.72,0,
145,MNQ 03-24,SimPaperEdge,NQ - No Trail,Short,1,16894.75,16916.50,12/21/2023 11:27:16 AM,12/21/2023 11:36:37 AM,Entry,Stop1,($44.72),($1092.02),$1.22,$0.00,$0.00,$0.00,$0.00,$43.50,$14.50,$59.22,0,
146,MNQ 03-24,SimPaperEdge,NQ - No Trail,Short,1,16900.00,16916.50,12/21/2023 11:31:05 AM,12/21/2023 11:36:37 AM,Entry,Stop1,($34.22),($1126.24),$1.22,$0.00,$0.00,$0.00,$0.00,$33.00,$25.00,$59.22,0,
147,MNQ 03-24,SimPaperEdge,NQ - No Trail,Long,1,16920.25,16902.25,12/21/2023 11:36:48 AM,12/21/2023 11:38:59 AM,Entry,Stop1,($37.22),($1163.46),$1.22,$0.00,$0.00,$0.00,$0.00,$38.00,$1.50,$38.72,0,
148,MNQ 03-24,SimPaperEdge,NQ - No Trail,Long,1,16910.50,16902.25,12/21/2023 11:38:58 AM,12/21/2023 11:38:59 AM,Entry,Stop1,($17.72),($1181.18),$1.22,$0.00,$0.00,$0.00,$0.00,$18.50,$0.50,$18.22,0,
149,MNQ 03-24,SimPaperEdge,NQ - No Trail,Long,1,16901.00,16911.00,12/21/2023 11:39:07 AM,12/21/2023 11:39:51 AM,Entry,Target1,$18.78,($1162.40),$1.22,$0.00,$0.00,$0.00,$0.00,$2.00,$20.00,$1.22,0,
150,MNQ 03-24,SimPaperEdge,NQ - No Trail,Short,1,16910.25,16900.25,12/21/2023 11:40:00 AM,12/21/2023 11:40:34 AM,Entry,Target1,$18.78,($1143.62),$1.22,$0.00,$0.00,$0.00,$0.00,$0.50,$20.50,$1.72,0,
151,MNQ 03-24,SimPaperEdge,NQ - No Trail,Long,1,16901.25,16911.75,12/21/2023 11:40:36 AM,12/21/2023 11:46:59 AM,Entry,Target1,$19.78,($1123.84),$1.22,$0.00,$0.00,$0.00,$0.00,$7.50,$21.50,$1.72,0,
152,MNQ 03-24,SimPaperEdge,NQ - No Trail,Long,1,16895.25,16875.00,12/21/2023 11:53:48 AM,12/21/2023 12:00:02 PM,Entry,Close,($41.72),($1165.56),$1.22,$0.00,$0.00,$0.00,$0.00,$44.00,$4.50,$46.22,0,
153,MNQ 03-24,SimPaperEdge,NQ - No Trail,Long,1,16885.00,16875.00,12/21/2023 11:58:19 AM,12/21/2023 12:00:02 PM,Entry,Close,($21.22),($1186.78),$1.22,$0.00,$0.00,$0.00,$0.00,$23.50,$5.50,$26.72,0,
154,MNQ 03-24,SimPaperEdge,NQ - No Trail,Long,1,16882.25,16875.00,12/21/2023 11:59:34 AM,12/21/2023 12:00:02 PM,Entry,Close,($15.72),($1202.50),$1.22,$0.00,$0.00,$0.00,$0.00,$18.00,$4.00,$19.72,0,
155,MNQ 03-24,SimPaperEdge,NQ - No Trail,Short,1,16875.00,16837.75,12/21/2023 12:00:02 PM,12/21/2023 12:53:43 PM,Entry,Target1,$73.28,($1129.22),$1.22,$0.00,$0.00,$0.00,$0.00,$4.00,$90.00,$16.72,0,
156,MNQ 03-24,SimPaperEdge,NQ - No Trail,Short,1,16862.25,16837.75,12/21/2023 12:00:24 PM,12/21/2023 12:53:43 PM,Entry,Target1,$47.78,($1081.44),$1.22,$0.00,$0.00,$0.00,$0.00,$29.50,$64.50,$16.72,0,
157,MNQ 03-24,SimPaperEdge,NQ - No Trail,Short,1,16852.50,16837.75,12/21/2023 12:04:09 PM,12/21/2023 12:53:43 PM,Entry,Target1,$28.28,($1053.16),$1.22,$0.00,$0.00,$0.00,$0.00,$29.50,$45.00,$16.72,0,
158,MNQ 03-24,SimPaperEdge,NQ - No Trail,Long,1,16837.00,16847.00,12/21/2023 12:56:30 PM,12/21/2023 1:00:26 PM,Entry,Target1,$18.78,($1034.38),$1.22,$0.00,$0.00,$0.00,$0.00,$24.00,$20.50,$1.72,0,
159,MNQ 03-24,SimPaperEdge,NQ - No Trail,Long,1,16827.50,16847.00,12/21/2023 12:57:13 PM,12/21/2023 1:00:26 PM,Entry,Target1,$37.78,($996.60),$1.22,$0.00,$0.00,$0.00,$0.00,$5.00,$39.50,$1.72,0,
160,MNQ 03-24,SimPaperEdge,NQ - No Trail,Short,1,16849.25,16845.00,12/21/2023 1:00:39 PM,12/21/2023 1:15:26 PM,Entry,Target1,$7.28,($989.32),$1.22,$0.00,$0.00,$0.00,$0.00,$38.00,$10.00,$2.72,0,
161,MNQ 03-24,SimPaperEdge,NQ - No Trail,Short,1,16861.75,16845.00,12/21/2023 1:04:48 PM,12/21/2023 1:15:26 PM,Entry,Target1,$32.28,($957.04),$1.22,$0.00,$0.00,$0.00,$0.00,$13.00,$35.00,$2.72,0,
162,MNQ 03-24,SimPaperEdge,NQ - No Trail,Short,1,16818.00,16889.50,12/21/2023 1:19:18 PM,12/21/2023 2:19:46 PM,Entry,Stop1,($144.22),($1101.26),$1.22,$0.00,$0.00,$0.00,$0.00,$143.00,$7.00,$151.22,0,
163,MNQ 03-24,SimPaperEdge,NQ - No Trail,Short,1,16826.50,16889.50,12/21/2023 1:21:55 PM,12/21/2023 2:19:46 PM,Entry,Stop1,($127.22),($1228.48),$1.22,$0.00,$0.00,$0.00,$0.00,$126.00,$0.50,$127.72,0,
164,MNQ 03-24,SimPaperEdge,NQ - No Trail,Short,1,16856.25,16889.50,12/21/2023 1:22:26 PM,12/21/2023 2:19:46 PM,Entry,Stop1,($67.72),($1296.20),$1.22,$0.00,$0.00,$0.00,$0.00,$66.50,$15.00,$82.72,0,
165,MNQ 03-24,SimPaperEdge,NQ - No Trail,Long,1,16877.00,16892.25,12/21/2023 2:22:35 PM,12/21/2023 2:37:46 PM,Entry,Target1,$29.28,($1266.92),$1.22,$0.00,$0.00,$0.00,$0.00,$19.00,$34.00,$4.72,0,
166,MNQ 03-24,SimPaperEdge,NQ - No Trail,Long,1,16869.50,16892.25,12/21/2023 2:24:29 PM,12/21/2023 2:37:46 PM,Entry,Target1,$44.28,($1222.64),$1.22,$0.00,$0.00,$0.00,$0.00,$4.00,$49.00,$4.72,0,
167,MNQ 03-24,SimPaperEdge,NQ - No Trail,Short,1,16892.25,16891.00,12/21/2023 2:38:11 PM,12/21/2023 2:53:34 PM,Entry,Target1,$1.28,($1221.36),$1.22,$0.00,$0.00,$0.00,$0.00,$30.50,$4.50,$3.22,0,
168,MNQ 03-24,SimPaperEdge,NQ - No Trail,Short,1,16897.50,16891.00,12/21/2023 2:39:06 PM,12/21/2023 2:53:34 PM,Entry,Target1,$11.78,($1209.58),$1.22,$0.00,$0.00,$0.00,$0.00,$20.00,$15.00,$3.22,0,
169,MNQ 03-24,SimPaperEdge,NQ - No Trail,Short,1,16900.75,16891.00,12/21/2023 2:42:40 PM,12/21/2023 2:53:34 PM,Entry,Target1,$18.28,($1191.30),$1.22,$0.00,$0.00,$0.00,$0.00,$13.50,$21.50,$3.22,0,
170,MNQ 03-24,SimPaperEdge,NQ - No Trail,Long,1,16885.50,16901.25,12/21/2023 2:54:19 PM,12/21/2023 3:13:17 PM,Entry,Target1,$30.28,($1161.02),$1.22,$0.00,$0.00,$0.00,$0.00,$36.50,$33.00,$2.72,0,
171,MNQ 03-24,SimPaperEdge,NQ - No Trail,Long,1,16873.75,16901.25,12/21/2023 2:57:10 PM,12/21/2023 3:13:17 PM,Entry,Target1,$53.78,($1107.24),$1.22,$0.00,$0.00,$0.00,$0.00,$13.00,$56.50,$2.72,0,
172,MNQ 03-24,SimPaperEdge,NQ - No Trail,Short,1,16900.50,16922.25,12/21/2023 3:13:21 PM,12/21/2023 3:27:49 PM,Entry,Stop1,($44.72),($1151.96),$1.22,$0.00,$0.00,$0.00,$0.00,$45.50,$13.00,$57.72,0,
173,MNQ 03-24,SimPaperEdge,NQ - No Trail,Short,1,16901.75,16922.25,12/21/2023 3:18:08 PM,12/21/2023 3:27:49 PM,Entry,Stop1,($42.22),($1194.18),$1.22,$0.00,$0.00,$0.00,$0.00,$43.00,$4.00,$46.22,0,
174,MNQ 03-24,SimPaperEdge,NQ - No Trail,Short,1,16902.50,16922.25,12/21/2023 3:18:26 PM,12/21/2023 3:27:49 PM,Entry,Stop1,($40.72),($1234.90),$1.22,$0.00,$0.00,$0.00,$0.00,$41.50,$2.00,$42.72,0,
175,MNQ 03-24,SimPaperEdge,NQ - No Trail,Long,1,16924.00,16946.50,12/21/2023 3:27:52 PM,12/21/2023 4:14:04 PM,Entry,Target1,$43.78,($1191.12),$1.22,$0.00,$0.00,$0.00,$0.00,$3.00,$84.00,$40.22,0,
176,MNQ 03-24,SimPaperEdge,NQ - No Trail,Long,1,16926.25,16946.50,12/21/2023 3:28:08 PM,12/21/2023 4:14:04 PM,Entry,Target1,$39.28,($1151.84),$1.22,$0.00,$0.00,$0.00,$0.00,$1.00,$79.50,$40.22,0,
177,MNQ 03-24,SimPaperEdge,NQ - No Trail,Long,1,16929.50,16946.50,12/21/2023 3:28:25 PM,12/21/2023 4:14:04 PM,Entry,Target1,$32.78,($1119.06),$1.22,$0.00,$0.00,$0.00,$0.00,$3.00,$73.00,$40.22,0,
178,MNQ 03-24,SimPaperEdge,NQ - No Trail,Long,1,17037.50,17027.50,12/22/2023 9:50:41 AM,12/22/2023 9:56:24 AM,Entry,Stop1,($21.22),($1140.28),$1.22,$0.00,$0.00,$0.00,$0.00,$21.00,$7.50,$28.72,0,
179,MNQ 03-24,SimPaperEdge,,Long,1,17021.25,16965.75,12/22/2023 10:00:33 AM,12/22/2023 4:32:00 PM,,Close,($112.22),($1252.50),$1.22,$0.00,$0.00,$0.00,$0.00,$250.50,$28.50,$140.72,0,
180,MNQ 03-24,SimPaperEdge,NQ - No Trail,Long,1,16666.50,16651.50,1/8/2024 10:49:32 AM,1/8/2024 11:10:15 AM,Entry,Stop1,($31.22),($1283.72),$1.22,$0.00,$0.00,$0.00,$0.00,$30.50,$14.00,$45.22,0,
181,MNQ 03-24,SimPaperEdge,NQ - No Trail,Long,1,16679.50,16689.50,1/8/2024 12:02:15 PM,1/8/2024 12:03:11 PM,Entry,Target1,$18.78,($1264.94),$1.22,$0.00,$0.00,$0.00,$0.00,$2.50,$22.00,$3.22,0,
182,MNQ 03-24,SimPaperEdge,NQ - No Trail,Long,1,16682.50,16692.50,1/8/2024 12:05:13 PM,1/8/2024 12:06:43 PM,Entry,Target1,$18.78,($1246.16),$1.22,$0.00,$0.00,$0.00,$0.00,$2.50,$22.00,$3.22,0,
183,MNQ 03-24,SimPaperEdge,NQ - No Trail,Long,1,16691.25,16675.25,1/8/2024 12:07:04 PM,1/8/2024 12:23:43 PM,Entry,Stop1,($33.22),($1279.38),$1.22,$0.00,$0.00,$0.00,$0.00,$33.50,$11.50,$44.72,0,
184,MNQ 03-24,SimPaperEdge,NQ - No Trail,Long,1,16684.25,16694.25,1/8/2024 12:29:25 PM,1/8/2024 12:33:37 PM,Entry,Target1,$18.78,($1260.60),$1.22,$0.00,$0.00,$0.00,$0.00,$4.50,$21.00,$2.22,0,
185,MNQ 03-24,SimPaperEdge,NQ - No Trail,Long,1,16705.50,16742.75,1/8/2024 12:39:14 PM,1/8/2024 2:17:38 PM,Entry,Stop1,$73.28,($1187.32),$1.22,$0.00,$0.00,$0.00,$0.00,$8.00,$106.50,$33.22,0,
186,MNQ 03-24,SimPaperEdge,NQ - No Trail,Long,1,16762.50,16777.75,1/8/2024 2:37:40 PM,1/8/2024 3:00:15 PM,Entry,Stop1,$29.28,($1158.04),$1.22,$0.00,$0.00,$0.00,$0.00,$6.00,$62.00,$32.72,0,
187,MNQ 03-24,SimPaperEdge,NQ - No Trail,Short,1,16678.50,16688.50,1/9/2024 9:43:13 AM,1/9/2024 9:43:40 AM,Entry,Stop1,($21.22),($1179.26),$1.22,$0.00,$0.00,$0.00,$0.00,$20.50,$2.50,$23.72,0,
188,MNQ 03-24,SimPaperEdge,NQ - No Trail,Long,1,16898.00,16908.00,1/10/2024 12:38:58 PM,1/10/2024 12:50:21 PM,Entry,Target1,$18.78,($1160.48),$1.22,$0.00,$0.00,$0.00,$0.00,$12.00,$20.50,$1.72,0,
189,MNQ 03-24,SimPaperEdge,NQ - No Trail,Short,1,16966.25,16978.25,1/11/2024 9:45:36 AM,1/11/2024 9:46:20 AM,Entry,Stop1,($25.22),($1185.70),$1.22,$0.00,$0.00,$0.00,$0.00,$24.00,$8.50,$33.72,0,
190,MNQ 03-24,SimPaperEdge,NQ - No Trail,Short,1,16908.50,16898.50,1/11/2024 10:04:15 AM,1/11/2024 10:04:39 AM,Entry,Target1,$18.78,($1166.92),$1.22,$0.00,$0.00,$0.00,$0.00,$6.50,$20.00,$1.22,0,
191,MNQ 03-24,SimPaperEdge,NQ - No Trail,Short,1,16833.50,16843.50,1/11/2024 10:10:15 AM,1/11/2024 10:11:02 AM,Entry,Stop1,($21.22),($1188.14),$1.22,$0.00,$0.00,$0.00,$0.00,$20.00,$18.00,$39.22,0,
192,MNQ 03-24,SimPaperEdge,NQ - No Trail,Long,1,16917.50,16907.50,1/11/2024 10:31:16 AM,1/11/2024 10:32:28 AM,Entry,Stop1,($21.22),($1209.36),$1.22,$0.00,$0.00,$0.00,$0.00,$20.00,$18.50,$39.72,0,
193,MNQ 03-24,SimPaperEdge,NQ - No Trail,Long,1,16902.00,16880.50,1/11/2024 10:33:12 AM,1/11/2024 10:33:59 AM,Entry,Stop1,($44.22),($1253.58),$1.22,$0.00,$0.00,$0.00,$0.00,$43.00,$4.00,$48.22,0,
194,MNQ 03-24,SimPaperEdge,NQ - No Trail,Short,1,16876.00,16893.75,1/11/2024 10:34:24 AM,1/11/2024 10:36:22 AM,Entry,Stop1,($36.72),($1290.30),$1.22,$0.00,$0.00,$0.00,$0.00,$36.50,$19.50,$56.22,0,
195,MNQ 03-24,SimPaperEdge,NQ - No Trail,Long,1,16860.25,16849.50,1/11/2024 10:52:20 AM,1/11/2024 10:55:06 AM,Entry,Close,($22.72),($1313.02),$1.22,$0.00,$0.00,$0.00,$0.00,$37.00,$10.00,$32.72,0,
196,MNQ 03-24,SimPaperEdge,NQ - No Trail,Long,1,16847.75,16849.50,1/11/2024 10:54:40 AM,1/11/2024 10:55:06 AM,Entry,Close,$2.28,($1310.74),$1.22,$0.00,$0.00,$0.00,$0.00,$12.00,$4.50,$2.22,0,
197,MNQ 03-24,SimPaperEdge,NQ - No Trail,Short,1,16849.25,16822.50,1/11/2024 10:55:06 AM,1/11/2024 11:13:05 AM,Entry,Target1,$52.28,($1258.46),$1.22,$0.00,$0.00,$0.00,$0.00,$42.00,$54.50,$2.22,0,
198,MNQ 03-24,SimPaperEdge,NQ - No Trail,Short,1,16859.50,16822.50,1/11/2024 10:56:04 AM,1/11/2024 11:13:05 AM,Entry,Target1,$72.78,($1185.68),$1.22,$0.00,$0.00,$0.00,$0.00,$21.50,$75.00,$2.22,0,
199,MNQ 03-24,SimPaperEdge,NQ - No Trail,Short,1,16788.25,16788.00,1/11/2024 11:16:18 AM,1/11/2024 11:40:43 AM,Entry,Stop1,($0.72),($1186.40),$1.22,$0.00,$0.00,$0.00,$0.00,$46.50,$31.50,$32.22,0,
200,MNQ 03-24,SimPaperEdge,NQ - No Trail,Short,1,16809.00,16788.00,1/11/2024 11:20:07 AM,1/11/2024 11:40:43 AM,Entry,Stop1,$40.78,($1145.62),$1.22,$0.00,$0.00,$0.00,$0.00,$5.00,$73.00,$32.22,0,
201,MNQ 03-24,SimPaperEdge,NQ - No Trail,Short,1,16772.75,16788.00,1/11/2024 11:40:24 AM,1/11/2024 11:40:43 AM,Entry,Stop1,($31.72),($1177.34),$1.22,$0.00,$0.00,$0.00,$0.00,$34.00,$0.00,$31.72,0,
202,MNQ 03-24,SimPaperEdge,NQ - No Trail,Short,1,16788.25,16772.00,1/11/2024 11:41:40 AM,1/11/2024 11:45:22 AM,Entry,Target1,$31.28,($1146.06),$1.22,$0.00,$0.00,$0.00,$0.00,$11.00,$40.50,$9.22,0,
203,MNQ 03-24,SimPaperEdge,NQ - No Trail,Short,1,16768.75,16853.00,1/11/2024 11:46:34 AM,1/11/2024 12:51:35 PM,Entry,Entry,($169.72),($1315.78),$1.22,$0.00,$0.00,$0.00,$0.00,$169.00,$6.00,$175.72,0,
204,MNQ 03-24,SimPaperEdge,NQ - No Trail,Short,1,16788.00,16853.00,1/11/2024 11:47:39 AM,1/11/2024 12:51:35 PM,Entry,Entry,($131.22),($1447.00),$1.22,$0.00,$0.00,$0.00,$0.00,$130.50,$41.50,$172.72,0,
205,MNQ 03-24,SimPaperEdge,NQ - No Trail,Short,1,16802.25,16853.00,1/11/2024 11:49:43 AM,1/11/2024 12:51:35 PM,Entry,Entry,($102.72),($1549.72),$1.22,$0.00,$0.00,$0.00,$0.00,$102.00,$70.00,$172.72,0,
