Instrument,Action,Quantity,Price,Time,ID,E/X,Position,Order ID,Name,Commission,Rate,Account,Connection,
MES 06-23,Sell,1,4169.25,5/23/2023 2:16:59 PM,2f4fdf57e5d643e9a56503dfbbf109cd,Entry,1 S,eb6fd5baf1e54943acd66d9dd5d8fdcc,Entry,$0.00,1,Sim101,My NinjaTrader,
MES 06-23,Buy,1,4158.25,5/23/2023 2:26:28 PM,eb07c1c39d524fa38813efd83eaa5b8f,Exit,-,4c06c30bb2794e12b4ce3028562999ae,Stop1,$0.00,1,Sim101,My NinjaTrader,
MES 09-23,Buy,1,4493.75,8/14/2023 11:18:46 AM,fdfa1eb1bedb4a8ea141ca8064a9eab5,Entry,1 L,50622ed736074c2d82e9b845f1f4dca6,Entry,$0.00,1,Sim101,My NinjaTrader,
MES 09-23,Sell,1,4494.25,8/14/2023 12:12:50 PM,36e6ed373c3c4fbda41992a1e067bb53,Exit,-,8c53a4bfe07b4c529e40bd9b4f6ada28,Stop1,$0.00,1,Sim101,My NinjaTrader,
MES 09-23,Sell,1,4497.25,8/14/2023 12:59:25 PM,b3f3171a22904fc7a1b12e22870a8ba0,Entry,1 S,e8a433f2cce44b6bbc6fe0505cbf7b04,Entry,$0.00,1,Sim101,My NinjaTrader,
MES 09-23,Buy,1,4496.75,8/14/2023 3:20:52 PM,808fb05400984dc7bc24a8b759dedf00,Exit,-,02b5ed5a1f294e758e43ce9e2a414575,Stop1,$0.00,1,Sim101,My NinjaTrader,
MNQ 12-23,Sell,1,14451.75,10/31/2023 2:32:18 PM,b8557efa802345879e340cc19b7bbd47,Entry,1 S,65377fcfb6b447f98f4013f3f693b4cb,Entry,$0.00,1,SimPaperEdge,My NinjaTrader,
MNQ 12-23,Sell,1,14457.75,10/31/2023 2:33:15 PM,dc43598fa4e24bcc8aed8f32eda38701,Entry,2 S,839299eb05554be8831e27aef8bfa211,Entry,$0.00,1,SimPaperEdge,My NinjaTrader,
MNQ 12-23,Sell,1,14464.25,10/31/2023 2:42:49 PM,223cac76754344b6af485cb5f4c2b941,Entry,3 S,16a2f5f30ffb41ed97dde2fda22646ec,Entry,$0.00,1,SimPaperEdge,My NinjaTrader,
MNQ 12-23,Buy,1,14477.00,10/31/2023 2:48:08 PM,621382e6d48445169b3b2d4f6542caf2,Exit,2 S,d4e518959e794440b817aa9e2fd7097a,Stop1,$0.00,1,SimPaperEdge,My NinjaTrader,
MNQ 12-23,Buy,1,14477.00,10/31/2023 2:48:08 PM,6896b4bed620484689f1e8d9c5e5adaf,Exit,1 S,e8387726cd444cbabd375779e46cf3b0,Stop1,$0.00,1,SimPaperEdge,My NinjaTrader,
MNQ 12-23,Buy,1,14477.00,10/31/2023 2:48:08 PM,a8f53c76cb6a49be91e1f208ccc65771,Exit,-,c7405bd200e546e1bfab8864511b64cb,Stop1,$0.00,1,SimPaperEdge,My NinjaTrader,
MNQ 12-23,Buy,1,14623.00,11/1/2023 2:30:13 PM,f2c1a27306ae40848e97be41276540ca,Entry,1 L,e33f38d4600f4dd299b5bcfd3150e88c,Entry,$0.00,1,SimPaperEdge,My NinjaTrader,
MNQ 12-23,Sell,1,14633.00,11/1/2023 2:31:26 PM,951571e0d7c84b2e90af4280400aec2e,Exit,-,846c75ea6d8c4e768808270310958708,Target1,$0.00,1,SimPaperEdge,My NinjaTrader,
MNQ 12-23,Buy,1,14643.00,11/1/2023 2:36:15 PM,070d4aa1695b43a289c9916a535ad93a,Entry,1 L,a2d4b109436a4ed0ab9120bbccbcc47a,Entry,$0.00,1,SimPaperEdge,My NinjaTrader,
MNQ 12-23,Sell,1,14653.00,11/1/2023 2:36:35 PM,4cb3a83452dc4e6bb9c0d29036ce24a8,Exit,-,dfe8208013764a02a84fe73b11290ad4,Target1,$0.00,1,SimPaperEdge,My NinjaTrader,
MNQ 12-23,Buy,1,14584.50,11/1/2023 2:44:51 PM,a32dcb2f8c0b42e09fb80f4fe7918393,Entry,1 L,e9235a46aebb4604a56f821c575b7081,Entry,$0.00,1,SimPaperEdge,My NinjaTrader,
MNQ 12-23,Sell,1,14594.50,11/1/2023 2:45:44 PM,961a3220903240f6947f5059f981314e,Exit,-,ed6e1a5cda954618beb1580c8275912b,Target1,$0.00,1,SimPaperEdge,My NinjaTrader,
MNQ 12-23,Sell,1,15565.25,11/13/2023 2:09:54 PM,e230f87df27b4dce8da84c01f8875ad7,Entry,1 S,baa689f4fcf64025b653dbec212b4522,Entry,$0.00,1,SimPaperEdge,My NinjaTrader,
MNQ 12-23,Sell,1,15576.00,11/13/2023 2:23:21 PM,eddc2b3574fc44ed9f36c6a61fda16ea,Entry,2 S,0f10d3d252b74f5295f777c2dd116e86,Entry,$0.00,1,SimPaperEdge,My NinjaTrader,
MNQ 12-23,Buy,1,15582.50,11/13/2023 2:25:27 PM,1b351a9caeee45289d898c8500a00d0b,Exit,1 S,bf33540c26434168a9fc86100b3aee89,Stop1,$0.00,1,SimPaperEdge,My NinjaTrader,
MNQ 12-23,Buy,1,15582.50,11/13/2023 2:25:27 PM,5ebd5d701e4c41428bc32ef13e6a0801,Exit,-,e684b8a9b1de4941bd46197113beb332,Stop1,$0.00,1,SimPaperEdge,My NinjaTrader,
MNQ 12-23,Sell,1,15579.00,11/13/2023 2:31:03 PM,b4a812e209354504b551be571614cf6d,Entry,1 S,761c6c69dd4b4763b763a23c2f03a069,Entry,$0.00,1,SimPaperEdge,My NinjaTrader,
MNQ 12-23,Buy,1,15568.75,11/13/2023 2:53:31 PM,c13edda9c1b24af5b249455657afc039,Exit,-,3eb596e6dea147058243162ae6a90fbb,Target1,$0.00,1,SimPaperEdge,My NinjaTrader,
MNQ 12-23,Buy,1,15574.50,11/13/2023 2:55:45 PM,e9c0882391d447c0ac836445042907cc,Entry,1 L,2824d06f7a2d4c1eb39876b4a10ad48d,Entry,$0.00,1,SimPaperEdge,My NinjaTrader,
MNQ 12-23,Sell,1,15564.50,11/13/2023 3:01:19 PM,09abaa9e6f86475e95be838b296de183,Exit,-,2ad26736bf464e2e946a033f58af45af,Stop1,$0.00,1,SimPaperEdge,My NinjaTrader,
MNQ 12-23,Buy,1,15561.50,11/13/2023 3:02:59 PM,c019da8143a940b08e397e8630e0d238,Entry,1 L,aad3d0f2f6e04fefaf010d620112bd74,Entry,$0.00,1,SimPaperEdge,My NinjaTrader,
MNQ 12-23,Sell,1,15571.50,11/13/2023 3:09:46 PM,ccac7ef829d84afe83305a97674c0676,Exit,-,746914cfcb1b4384be456578e806d1f9,Target1,$0.00,1,SimPaperEdge,My NinjaTrader,
MNQ 12-23,Buy,1,15565.00,11/13/2023 3:37:25 PM,d766d3bac68244d1a59dc780eea591da,Entry,1 L,cab47a5aff39428ca92dabbc5d8c8cb7,Entry,$0.00,1,SimPaperEdge,My NinjaTrader,
MNQ 12-23,Buy,1,15555.00,11/13/2023 3:52:50 PM,eb1dd7ac66af41bbacdcd05c7fa84adf,Entry,2 L,00932797ba3d4fb980d9fb2b0963f7b2,Entry,$0.00,1,SimPaperEdge,My NinjaTrader,
MNQ 12-23,Sell,1,15550.50,11/13/2023 3:52:58 PM,7edfc32c4ac54bc09681615501724290,Exit,1 L,f600c0ff4d68480296bb0f2708c8663d,Stop1,$0.00,1,SimPaperEdge,My NinjaTrader,
MNQ 12-23,Sell,1,15550.50,11/13/2023 3:52:58 PM,f0592b4de04543d78357c13942f54e93,Exit,-,399fadf0f05c44c685c0b66193db4602,Stop1,$0.00,1,SimPaperEdge,My NinjaTrader,
MNQ 12-23,Buy,1,15791.75,11/14/2023 8:46:17 AM,b8fc45c46ca64d8f8820aa77124fef70,Entry,1 L,cebb2fa2a9564938a47f10de05e04be8,Entry,$0.00,1,SimPaperEdge,My NinjaTrader,
MNQ 12-23,Sell,1,15801.75,11/14/2023 8:49:47 AM,aa83621d23704816bfd5267049d5cee1,Exit,-,f877ec1074c34d9e81ea2dcf8d818b9a,Target1,$0.00,1,SimPaperEdge,My NinjaTrader,
MNQ 12-23,Buy,1,15876.50,11/14/2023 10:04:04 AM,bff1d966b5c24b83a9b0d4c49a8153ee,Entry,1 L,afb0c92ab605412cade77facd73befe5,Entry,$0.00,1,SimPaperEdge,My NinjaTrader,
MNQ 12-23,Sell,1,15886.50,11/14/2023 10:05:52 AM,e9073c47ae2d48dd8b75004235fd6653,Exit,-,2391b5d7acc1483bbe454f4905ad1ee8,Target1,$0.00,1,SimPaperEdge,My NinjaTrader,
MNQ 12-23,Buy,1,15868.75,11/14/2023 10:07:25 AM,fb5a96c9e28a413291c90ac08c9c849c,Entry,1 L,819dce3502c643388278b379f8088647,Entry,$0.00,1,SimPaperEdge,My NinjaTrader,
MNQ 12-23,Buy,1,15855.00,11/14/2023 10:07:58 AM,59b1d0f937e44d819645cfdef45b4b97,Entry,2 L,7540d071fede4ca1b46afecb9b8efd11,Entry,$0.00,1,SimPaperEdge,My NinjaTrader,
MNQ 12-23,Sell,1,15848.00,11/14/2023 10:20:35 AM,e88dc543d2624c6d86542d1fe7df69ab,Exit,1 L,52d90becfcd641529c6670a4f297c3cd,Stop1,$0.00,1,SimPaperEdge,My NinjaTrader,
MNQ 12-23,Sell,1,15848.00,11/14/2023 10:20:35 AM,4554fb83a79045eb80525e0e502c25b2,Exit,-,d8d0cb0bf08641c692ef9cebc80b0121,Stop1,$0.00,1,SimPaperEdge,My NinjaTrader,
MNQ 12-23,Sell,1,15866.50,11/14/2023 11:35:51 AM,8ffe93b1fe914202860281ab87de42b7,Entry,1 S,d701d7853cc04472ac693519a2c016f7,Entry,$0.00,1,SimPaperEdge,My NinjaTrader,
MNQ 12-23,Buy,1,15876.50,11/14/2023 11:44:37 AM,574a6abcb27b4100aed3e4fafe84a262,Exit,-,e98b439faecb440ea92a58539fef15cb,Stop1,$0.00,1,SimPaperEdge,My NinjaTrader,
MNQ 12-23,Buy,1,15870.00,11/14/2023 11:49:09 AM,0a7660ab4106466c90e912b8bbc5a10a,Entry,1 L,8664ec1484c44d639c05277e35c19e39,Entry,$0.00,1,SimPaperEdge,My NinjaTrader,
MNQ 12-23,Sell,1,15860.00,11/14/2023 11:49:21 AM,9f8b80a5e9394d8ca487b59eedb266ff,Exit,-,f70019cf48ae45a7988fc6faf3330c29,Stop1,$0.00,1,SimPaperEdge,My NinjaTrader,
MNQ 12-23,Buy,1,15865.00,11/14/2023 11:49:38 AM,b90300afcfa84360808e8983b5db5d1e,Entry,1 L,37f65ffda16d44a8a841d5634a8b8172,Entry,$0.00,1,SimPaperEdge,My NinjaTrader,
MNQ 12-23,Sell,1,15855.00,11/14/2023 11:51:01 AM,97960a25ea124dd5b2fc7fbcde3db729,Exit,-,b4d3266562d14cb19860b91a1f7748c9,Stop1,$0.00,1,SimPaperEdge,My NinjaTrader,
MNQ 12-23,Sell,1,15849.75,11/14/2023 12:01:29 PM,2adf7042152e43e5b813362dbdffbdbc,Entry,1 S,15931a40965a4c5491f969c8270b2024,Entry,$0.00,1,SimPaperEdge,My NinjaTrader,
MNQ 12-23,Buy,1,15835.75,11/14/2023 12:07:49 PM,fecd5bf09138419d9b51344cdb716dbc,Exit,-,b2ce1c9016854083a146ba50fa97cb3e,Target1,$0.00,1,SimPaperEdge,My NinjaTrader,
MNQ 12-23,Sell,1,15846.50,11/14/2023 12:18:55 PM,390d61d9129d4b5fae94726169187a8b,Entry,1 S,9e28102724c14879a72495636ac6889d,Entry,$0.00,1,SimPaperEdge,My NinjaTrader,
MNQ 12-23,Buy,1,15836.50,11/14/2023 12:24:05 PM,87958a829f714dd6b94a4c177fbb85b1,Exit,-,16153f70858d4f43bac9aa9014374b98,Target1,$0.00,1,SimPaperEdge,My NinjaTrader,
MNQ 12-23,Sell,1,15846.50,11/14/2023 12:25:43 PM,d1a31438090f4a5dbd144b0b19abda3b,Entry,1 S,2d914c71acb745caa2b20d5b37d73c85,Entry,$0.00,1,SimPaperEdge,My NinjaTrader,
MNQ 12-23,Sell,1,15856.50,11/14/2023 12:38:34 PM,73660680e85842fb9b4554e286277564,Entry,2 S,813bb7cfbf7c4c91a48655f39ea7727c,Entry,$0.00,1,SimPaperEdge,My NinjaTrader,
MNQ 12-23,Buy,1,15862.50,11/14/2023 12:45:45 PM,15849b104e7a435ebc575cdeb73171d2,Exit,1 S,d3e542a572c94152b21a6ddc34b9989f,Stop1,$0.00,1,SimPaperEdge,My NinjaTrader,
MNQ 12-23,Buy,1,15862.50,11/14/2023 12:45:45 PM,139b98c968ce4547a661cb66eef04f7c,Exit,-,684f786a2c8b4912914096399946fb08,Stop1,$0.00,1,SimPaperEdge,My NinjaTrader,
MNQ 12-23,Buy,1,15877.75,11/14/2023 12:58:49 PM,a3b658e01e2f4178ab7b302d78cffedf,Entry,1 L,f71392c78ed44ff2aaf749dd02b14659,Entry,$0.00,1,SimPaperEdge,My NinjaTrader,
MNQ 12-23,Sell,1,15867.75,11/14/2023 1:15:28 PM,d21c64db5a8342a3a2ebfa5effc2e962,Exit,-,cf462638ffd14336b635ed26465a2c06,Stop1,$0.00,1,SimPaperEdge,My NinjaTrader,
MNQ 12-23,Sell,1,15907.75,11/15/2023 12:53:59 PM,01204ab896674307a2b10b0eac7f513c,Entry,1 S,f824f85c8705412989a758bdff21ccf8,Entry,$0.00,1,SimPaperEdge,My NinjaTrader,
MNQ 12-23,Buy,1,15897.75,11/15/2023 12:58:03 PM,0602f483797c4a8a9a595009039f18fd,Exit,-,c9df5159aafe4a9dbe4d65941b7ed8d8,Target1,$0.00,1,SimPaperEdge,My NinjaTrader,
MNQ 12-23,Sell,1,15855.50,11/15/2023 1:12:10 PM,d5883f3e07f04dc2a9dcf3d28499974f,Entry,1 S,f87e4ed7900d4c908597cfd07cf05fc8,Entry,$0.61,1,SimPaperEdge,My NinjaTrader,
MNQ 12-23,Sell,1,15845.00,11/15/2023 1:13:41 PM,fad2816bf5a341a482af8c8fe59b0a61,Entry,2 S,cd75feb03ad94d649a165eb497a19a82,Entry,$0.61,1,SimPaperEdge,My NinjaTrader,
MNQ 12-23,Sell,1,15840.25,11/15/2023 1:15:00 PM,e9869309a9f94de7bc88c3f97a8e7c57,Entry,3 S,52b9f9d6865d4da28f8da25f1de8eee1,Entry,$0.61,1,SimPaperEdge,My NinjaTrader,
MNQ 12-23,Buy,1,15863.25,11/15/2023 1:22:05 PM,8431858d1d2b4d8eb5ea477fbafe1957,Exit,2 S,4c0319a0a8294ca8bad95eb60228fdb2,Stop1,$0.61,1,SimPaperEdge,My NinjaTrader,
MNQ 12-23,Buy,1,15863.25,11/15/2023 1:22:05 PM,475781496268497e9244b156d61049d8,Exit,1 S,d9f8088d165a4788b5bfa51a6936919c,Stop1,$0.61,1,SimPaperEdge,My NinjaTrader,
MNQ 12-23,Buy,1,15863.25,11/15/2023 1:22:05 PM,fb8b567ec7a1497c8a127fcf2fbc0336,Exit,-,850990e27f084ffab033bf2082fe20c4,Stop1,$0.61,1,SimPaperEdge,My NinjaTrader,
MNQ 12-23,Sell,1,15877.00,11/15/2023 1:27:57 PM,3be75be6ab964951b9f6e55bd66b1334,Entry,1 S,c67b53d9f8834b80961554dd22ab77c0,Entry,$0.61,1,SimPaperEdge,My NinjaTrader,
MNQ 12-23,Buy,1,15887.00,11/15/2023 1:32:33 PM,61ecd03003df475983242f9ef59c8211,Exit,-,1bf053fbde544c9d99973189762ba5a7,Stop1,$0.61,1,SimPaperEdge,My NinjaTrader,
MNQ 12-23,Sell,1,15824.50,11/16/2023 10:41:54 AM,b89cc0ee561746888cb419886dcfda1a,Entry,1 S,cb730a2b5e3c46079206bee485465727,Entry,$0.61,1,SimPaperEdge,My NinjaTrader,
MNQ 12-23,Buy,1,15834.50,11/16/2023 10:42:42 AM,2fa057b0203c4ffb8f6ce428032705b9,Exit,-,73158c181fac40ddb6bdebd55f92b038,Stop1,$0.61,1,SimPaperEdge,My NinjaTrader,
MNQ 12-23,Sell,1,15849.50,11/16/2023 10:47:02 AM,ec7252b571c640a496662a9bbb81da90,Entry,1 S,13063235c6864e978beece699ca155bd,Entry,$0.61,1,SimPaperEdge,My NinjaTrader,
MNQ 12-23,Buy,1,15859.50,11/16/2023 10:47:42 AM,5fd9dde94f73402f82d6af83bdb32b0b,Exit,-,1b6175e1a9e34cc8b486d13189b5646d,Stop1,$0.61,1,SimPaperEdge,My NinjaTrader,
MNQ 12-23,Buy,1,15851.00,11/16/2023 10:49:21 AM,05a30b3e26de4be3b9dfeff7c459e5d7,Entry,1 L,7c2e54a16326434c8ee2f3ca33334fa2,Entry,$0.61,1,SimPaperEdge,My NinjaTrader,
MNQ 12-23,Sell,1,15841.00,11/16/2023 10:51:26 AM,154efb5258f94dbeaebb92aa8b0e795b,Exit,-,2e04578d42814c3eb1e60af9d5360285,Stop1,$0.61,1,SimPaperEdge,My NinjaTrader,
MNQ 12-23,Buy,1,15843.75,11/16/2023 11:07:22 AM,e5922cfbcf6843f4badbf3ea53b628ce,Entry,1 L,d3898994f23b4c04b344fc5a45930642,Entry,$0.61,1,SimPaperEdge,My NinjaTrader,
MNQ 12-23,Sell,1,15833.75,11/16/2023 11:09:22 AM,e304e49c35e84701a0a3890bcc8ffb07,Exit,-,e59df341560742d2b692472d351e7d44,Stop1,$0.61,1,SimPaperEdge,My NinjaTrader,
MNQ 12-23,Buy,1,15837.75,11/16/2023 11:10:11 AM,75ff1ca5b49f43dcb112d395ed8433e5,Entry,1 L,3f90b57a8fe64e649dbb9693945e53cb,Entry,$0.61,1,SimPaperEdge,My NinjaTrader,
MNQ 12-23,Buy,1,15834.50,11/16/2023 11:12:22 AM,1d171cdf815f4c1fbdb433485e103fc0,Entry,2 L,5074cc10aa834623b39e47cc0708e649,Entry,$0.61,1,SimPaperEdge,My NinjaTrader,
MNQ 12-23,Sell,1,15826.25,11/16/2023 11:12:53 AM,3894332b95dc419996d00e8601b87827,Exit,1 L,0b692cc572014b33aae52a13006d3962,Stop1,$0.61,1,SimPaperEdge,My NinjaTrader,
MNQ 12-23,Sell,1,15826.25,11/16/2023 11:12:53 AM,3a1b7e18da6e4cb3863b2ce427205413,Exit,-,33966942e0fe4e0dac416f65ab7669b1,Stop1,$0.61,1,SimPaperEdge,My NinjaTrader,
MNQ 12-23,Sell,1,15822.50,11/16/2023 11:22:45 AM,1d1e2a9fd51a459c96ca8ab895f8ad99,Entry,1 S,ecaef8dfbf664a909376efac7e03351c,Entry,$0.61,1,SimPaperEdge,My NinjaTrader,
MNQ 12-23,Buy,1,15812.25,11/16/2023 11:29:35 AM,51a5a1c5204540c492bb5752285c6942,Exit,-,e47a7241720a4025a505440602d192ee,Target1,$0.61,1,SimPaperEdge,My NinjaTrader,
MNQ 12-23,Sell,1,15800.50,11/16/2023 11:38:47 AM,c32600958c69427c93766e54f090106c,Entry,1 S,308174adb9f44c7d9fc949d9243c7500,Entry,$0.61,1,SimPaperEdge,My NinjaTrader,
MNQ 12-23,Buy,1,15815.50,11/16/2023 11:41:01 AM,9133d4469dcb49cdb7008b7da27f14f1,Exit,-,5f2d5aa1f7ad4d1986e3f51364f35c86,Stop1,$0.61,1,SimPaperEdge,My NinjaTrader,
MNQ 12-23,Buy,1,15830.00,11/16/2023 11:47:50 AM,b27a2eca4c7c41e8b2bd6c80fc9e5156,Entry,1 L,a64c989a679e4e9784d9e1ddf5e3e9ae,Entry,$0.61,1,SimPaperEdge,My NinjaTrader,
MNQ 12-23,Sell,1,15849.25,11/16/2023 11:51:00 AM,ab1c55bc6a2a44beac3def8be5eeb973,Exit,-,aff03aaada5e4e9aa744f1b83a20088e,Target1,$0.61,1,SimPaperEdge,My NinjaTrader,
MNQ 12-23,Sell,1,15843.25,11/16/2023 11:51:55 AM,4d811a3b14a94bc0bdbdaf469fb439e6,Entry,1 S,4c57782b83d443e8919b8d2c90a65d7a,Entry,$0.61,1,SimPaperEdge,My NinjaTrader,
MNQ 12-23,Buy,1,15853.25,11/16/2023 12:06:14 PM,ccc2d0baea534d82bfcc6fa8b86574c2,Exit,-,6f5e28f729f447faa4d122c34324af1f,Stop1,$0.61,1,SimPaperEdge,My NinjaTrader,
MNQ 12-23,Buy,1,15858.25,11/16/2023 12:09:20 PM,2c1573a29a114e26ad42a8d135072c35,Entry,1 L,b0829a9425714bef9cb69b855ac61847,Entry,$0.61,1,SimPaperEdge,My NinjaTrader,
MNQ 12-23,Sell,1,15868.25,11/16/2023 12:13:19 PM,5538e9744f2c4ae38fc1cb8f872d1d6b,Exit,-,1d87633109aa4a619bb605b255fd8f6a,Target1,$0.61,1,SimPaperEdge,My NinjaTrader,
MNQ 12-23,Sell,1,15888.25,11/16/2023 12:47:00 PM,34f3899b680a473c954fa1df70fb8ff2,Entry,1 S,91cc6c4c709b4f4282b88a55dba3ac01,Entry,$0.61,1,SimPaperEdge,My NinjaTrader,
MNQ 12-23,Sell,1,15878.50,11/16/2023 12:52:53 PM,e2f5df44ea624b70b0d86049145f2722,Entry,2 S,c80fb7a03b784f4eafc164d9bf9bcfe6,Entry,$0.61,1,SimPaperEdge,My NinjaTrader,
MNQ 12-23,Buy,1,15867.00,11/16/2023 1:09:01 PM,87576bdd163a4e2482148d65fae51615,Exit,1 S,a01dea9978e440179a39b55be960aadf,Target1,$0.61,1,SimPaperEdge,My NinjaTrader,
MNQ 12-23,Buy,1,15857.50,11/16/2023 1:12:13 PM,b2c03c2f5aa6443c89f3317d68bb81a2,Exit,-,a9468323b6f24aaba1c84038fc292d8b,Target1,$0.61,1,SimPaperEdge,My NinjaTrader,
MNQ 12-23,Buy,1,15867.00,11/16/2023 1:16:04 PM,f56147f27f784a418e31e84860589477,Entry,1 L,ec92f6ecc47846849259580fc1b3d79b,Entry,$0.61,1,SimPaperEdge,My NinjaTrader,
MNQ 12-23,Sell,1,15857.00,11/16/2023 1:19:36 PM,abf49b4ec7714c88bc3830ca5770165e,Exit,-,93b79028ac6e4681b1e5bd57b27b9685,Stop1,$0.61,1,SimPaperEdge,My NinjaTrader,
MNQ 12-23,Sell,1,15853.00,11/16/2023 1:20:23 PM,6548574414144f91bb64123240488d5d,Entry,1 S,87f0d75b635b44709301f5bbb418caeb,Entry,$0.61,1,SimPaperEdge,My NinjaTrader,
MNQ 12-23,Buy,1,15863.00,11/16/2023 1:25:29 PM,0619d38080324299af28c8b981b3738f,Exit,-,7fb48bfbec614c24b992564d8d139f09,Stop1,$0.61,1,SimPaperEdge,My NinjaTrader,
MNQ 12-23,Buy,1,15872.75,11/16/2023 1:25:55 PM,40c2ad4ba681430bb37014fd4e6feafd,Entry,1 L,9d710bc847d148fd923a5ee9fe5171c0,Entry,$0.61,1,SimPaperEdge,My NinjaTrader,
MNQ 12-23,Sell,1,15862.50,11/16/2023 1:28:38 PM,7de9c367eeb64232b2cee96d16bbdfab,Exit,-,79391e7e18a54488b831075ac4f5bb47,Stop1,$0.61,1,SimPaperEdge,My NinjaTrader,
MNQ 12-23,Buy,1,15855.25,11/16/2023 1:34:51 PM,e30661aa589f4c84b2669c6425550a3b,Entry,1 L,c82b2900c2094845a3817d0b07e8f3f3,Entry,$0.61,1,SimPaperEdge,My NinjaTrader,
MNQ 12-23,Buy,1,15865.00,11/16/2023 1:36:27 PM,b54ebf98ed314ff2aa1dfafb4aa5ce9a,Entry,2 L,00b973a714184f30a68b55bc82abfbe0,Entry,$0.61,1,SimPaperEdge,My NinjaTrader,
MNQ 12-23,Sell,1,15874.00,11/16/2023 1:37:32 PM,82d55ad9835240f69fdf53f3ff2db96b,Exit,1 L,d9636f643dfa4931990083b4d5541d79,Target1,$0.61,1,SimPaperEdge,My NinjaTrader,
MNQ 12-23,Sell,1,15874.00,11/16/2023 1:37:32 PM,43f03b3c9f3340ae80574065ca1a73b2,Exit,-,6110318b36b744b29d0ffc8be7ffce66,Target1,$0.61,1,SimPaperEdge,My NinjaTrader,
MNQ 12-23,Sell,1,15872.75,11/16/2023 1:37:58 PM,6683160cfc6e45e5be5ab222d5993a63,Entry,1 S,b3bfa0aa67ad4c849a02d11be3b3713e,Entry,$0.61,1,SimPaperEdge,My NinjaTrader,
MNQ 12-23,Sell,1,15872.75,11/16/2023 1:37:58 PM,36c905939a5d4f8fb9bfaf18d6fddd77,Entry,2 S,514dc51d6ab247afbfecca14fcebd9a8,Entry,$0.61,1,SimPaperEdge,My NinjaTrader,
MNQ 12-23,Buy,1,15861.75,11/16/2023 1:39:59 PM,ca2277ed8e4c4cd7a11f4fe29c78d693,Exit,1 S,31a69ebd2fbc422d8536127448622ffb,Target1,$0.61,1,SimPaperEdge,My NinjaTrader,
MNQ 12-23,Buy,1,15861.75,11/16/2023 1:39:59 PM,799c487aaf4341adbaf4cb12282ede1b,Exit,-,31a69ebd2fbc422d8536127448622ffb,Target1,$0.61,1,SimPaperEdge,My NinjaTrader,
MNQ 12-23,Buy,1,15857.75,11/16/2023 1:40:13 PM,7f048f0b5da54867a6ec9b8a5eff6bc0,Entry,1 L,b014e1bf5f1f4d46be46b8629abc92fc,Entry,$0.61,1,SimPaperEdge,My NinjaTrader,
MNQ 12-23,Sell,1,15844.25,11/16/2023 1:47:34 PM,e3d44aee3ae84477b8e6a220032075fa,Exit,-,e283487dcaf6477bb5961219db872424,Stop1,$0.61,1,SimPaperEdge,My NinjaTrader,
MNQ 12-23,Buy,1,15847.75,11/16/2023 1:50:30 PM,25d05d0beb82488a970f25229691828c,Entry,1 L,adbeac0ac5b94f60aa341e78d49ff3af,Entry,$0.61,1,SimPaperEdge,My NinjaTrader,
MNQ 12-23,Buy,1,15858.00,11/16/2023 1:53:07 PM,97bec87f329c4db49b867008ef8cbc01,Entry,2 L,244c3027ac3a40fcb935057e2733c4c3,Entry,$0.61,1,SimPaperEdge,My NinjaTrader,
MNQ 12-23,Sell,1,15843.00,11/16/2023 1:57:41 PM,84b8f7625b674e928abea5f5cd830e37,Exit,1 L,abe514fc925c4a2ca2e2e83ab08fec7e,Stop1,$0.61,1,SimPaperEdge,My NinjaTrader,
MNQ 12-23,Sell,1,15843.00,11/16/2023 1:57:41 PM,f6f15c56d7b542b1a8734302bfdc1975,Exit,-,d42f08583e014be68cf51d9e68a5630f,Stop1,$0.61,1,SimPaperEdge,My NinjaTrader,
MNQ 12-23,Buy,1,15842.75,11/16/2023 2:00:30 PM,8f255c7c54624d1181eac87abafe11f2,Entry,1 L,dc8f6613cbef45c191ce815cd4be638b,Entry,$0.61,1,SimPaperEdge,My NinjaTrader,
MNQ 12-23,Buy,1,15852.00,11/16/2023 2:04:15 PM,e705bfa97d2b4b57b77df8e0d4e90c4b,Entry,2 L,fd46a24fe0aa4fc197c7f5d052831a01,Entry,$0.61,1,SimPaperEdge,My NinjaTrader,
MNQ 12-23,Sell,1,15862.50,11/16/2023 2:12:43 PM,f6c3a1ddaf1d45dc91aced8e6935965c,Exit,1 L,f31fbd71347342bc952ac18ed2a7c2c3,Target1,$0.61,1,SimPaperEdge,My NinjaTrader,
MNQ 12-23,Sell,1,15862.50,11/16/2023 2:12:43 PM,5625cdd319a0475a9eb37a2a266ac704,Exit,-,1e3b3ec0e4f743288d8455adbf106053,Target1,$0.61,1,SimPaperEdge,My NinjaTrader,
MNQ 12-23,Sell,1,15855.50,11/16/2023 2:26:11 PM,1a7ceb7f19fa4da59709802cc8f0ed7f,Entry,1 S,a68affbd15bc4d20b7be7c473987317e,Entry,$0.61,1,SimPaperEdge,My NinjaTrader,
MNQ 12-23,Buy,1,15865.50,11/16/2023 2:33:42 PM,bb1d2bfca8cb451db8fbca2f14535159,Exit,-,57d5be9a5b32428fbb292c1918159277,Stop1,$0.61,1,SimPaperEdge,My NinjaTrader,
MNQ 12-23,Sell,1,15865.75,11/16/2023 2:37:08 PM,9aaf2539ec194e658b4b188ddfd5d144,Entry,1 S,969530d6b2b64c9fb119e4d22157a647,Entry,$0.61,1,SimPaperEdge,My NinjaTrader,
MNQ 12-23,Sell,1,15873.50,11/16/2023 2:40:54 PM,a5c9d28932a746fab2817b154e2a2a73,Entry,2 S,e16017d8e4a04e088b0c05482aecc492,Entry,$0.61,1,SimPaperEdge,My NinjaTrader,
MNQ 12-23,Buy,1,15881.00,11/16/2023 2:44:18 PM,f4fd6a1ccde24d5480948a591974f449,Exit,1 S,4b1b4cdbd34440778e6cbef6662b8826,Stop1,$0.61,1,SimPaperEdge,My NinjaTrader,
MNQ 12-23,Buy,1,15881.00,11/16/2023 2:44:18 PM,216de3c69b644c4db2f7bf02217e3032,Exit,-,89384d4af1c24629a9d22e9bfac3b6e0,Stop1,$0.61,1,SimPaperEdge,My NinjaTrader,
MNQ 12-23,Buy,1,15891.25,11/16/2023 2:47:19 PM,48b0de0cbdb54d9aac57c2326d9cf716,Entry,1 L,f00e9e36c28c440c9eb7a2e8dc73b000,Entry,$0.61,1,SimPaperEdge,My NinjaTrader,
MNQ 12-23,Sell,1,15881.25,11/16/2023 2:51:37 PM,8beaa30f80824a40897490fdeede3acc,Exit,-,17cfdbcd4a384a1b9d8e9661bf242733,Stop1,$0.61,1,SimPaperEdge,My NinjaTrader,
MNQ 12-23,Buy,1,15853.75,11/17/2023 11:13:08 AM,e338b0779e9942ff82bd9ce3f520b8d3,Entry,1 L,4cdf8a484fa74dc9b89357675f4f350f,Entry,$0.61,1,SimPaperEdge,My NinjaTrader,
MNQ 12-23,Sell,1,15843.75,11/17/2023 11:15:36 AM,b5e81d93975f4cb0853492a2b8da5e28,Exit,-,12ba422679fb4adf9d064dc701e6e17d,Stop1,$0.61,1,SimPaperEdge,My NinjaTrader,
MNQ 12-23,Sell,1,15841.50,11/17/2023 11:20:17 AM,095e8fd96c1f4ef6bb73e2d5b0a2d8ec,Entry,1 S,9a57c1f5154c42fb8e497986a3b6ea43,Entry,$0.61,1,SimPaperEdge,My NinjaTrader,
MNQ 12-23,Sell,1,15851.75,11/17/2023 11:21:56 AM,507fbdc0f3e74e81aa1eead2cd6e22ae,Entry,2 S,399dcc2596e046d8ba0914b749f49dcb,Entry,$0.61,1,SimPaperEdge,My NinjaTrader,
MNQ 12-23,Buy,1,15862.25,11/17/2023 11:23:38 AM,7d66c01e61184dfd89e726492608f822,Exit,1 S,926585cc560b4697993688fbb32d1079,Stop1,$0.61,1,SimPaperEdge,My NinjaTrader,
MNQ 12-23,Buy,1,15862.25,11/17/2023 11:23:38 AM,57152fb96f18489e87508c2cb56c2bdf,Exit,-,d6d7a80a8b824862bcd0b11d814c60c2,Stop1,$0.61,1,SimPaperEdge,My NinjaTrader,
MNQ 12-23,Sell,1,15862.25,11/17/2023 11:23:58 AM,6855570b5c014e9bb35b153e62072165,Entry,1 S,6be99fb24b17401489ef345f23195082,Entry,$0.61,1,SimPaperEdge,My NinjaTrader,
MNQ 12-23,Buy,1,15852.25,11/17/2023 11:25:38 AM,e7f606268167449fb755dd8644e9e528,Exit,-,0be6b24d89d945228e4c9078e2149dec,Target1,$0.61,1,SimPaperEdge,My NinjaTrader,
MNQ 12-23,Sell,1,15856.75,11/17/2023 11:28:33 AM,0126ddd73cb04faf92a4637d4ade2fe4,Entry,1 S,b4c0c1c92d474dab8e1f422c7283ee70,Entry,$0.61,1,SimPaperEdge,My NinjaTrader,
MNQ 12-23,Sell,1,15863.00,11/17/2023 11:39:32 AM,c79619fa15724c4a9bc55989698a9db4,Entry,2 S,eb60a5bea88c4059be927629083c438b,Entry,$0.61,1,SimPaperEdge,My NinjaTrader,
MNQ 12-23,Sell,1,15850.75,11/17/2023 11:40:38 AM,a1dafb572be9442986b5d8ad701ffa20,Entry,3 S,6cdd5f7f20d9457e83bbe5a31e04b6c0,Entry,$0.61,1,SimPaperEdge,My NinjaTrader,
MNQ 12-23,Buy,1,15859.50,11/17/2023 11:41:01 AM,af0f60e1005b444199e8329713d70072,Exit,2 S,931f0aff0b7548409093abf0863693d4,Stop1,$0.61,1,SimPaperEdge,My NinjaTrader,
MNQ 12-23,Buy,1,15859.50,11/17/2023 11:41:01 AM,674bbe4287ad4fbdbd11785eadfaf6fa,Exit,1 S,36972f67479248d4a9bc409cca58f4a9,Stop1,$0.61,1,SimPaperEdge,My NinjaTrader,
MNQ 12-23,Buy,1,15859.50,11/17/2023 11:41:01 AM,51f2bd42ad70431fa33fb4733f9a20c8,Exit,-,bf7ebbb1dbcf411189f6005579d68e97,Stop1,$0.61,1,SimPaperEdge,My NinjaTrader,
MNQ 12-23,Buy,1,15853.75,11/17/2023 11:41:27 AM,82a0b6d0d8534d94aee9cc521d85bba9,Entry,1 L,3d110c1093cb45e6a05afb927f061caa,Entry,$0.61,1,SimPaperEdge,My NinjaTrader,
MNQ 12-23,Sell,1,15862.25,11/17/2023 11:42:12 AM,3a23d8a3548d4142b6f537089d8a00f7,Exit,-,e9e2c61c1f494f27a279370f0fb5d8c2,Target1,$0.61,1,SimPaperEdge,My NinjaTrader,
MNQ 12-23,Sell,1,15866.00,11/17/2023 11:44:10 AM,c2ff1029eb074e24894156f195212102,Entry,1 S,9902c89b0d5f4e8a9a33ebc7da8ef861,Entry,$0.61,1,SimPaperEdge,My NinjaTrader,
MNQ 12-23,Buy,1,15856.50,11/17/2023 11:50:37 AM,55c8195e084040e8b19a05e144cb5d47,Exit,-,dbe1600004584f969926d622a0aa4406,Target1,$0.61,1,SimPaperEdge,My NinjaTrader,
MNQ 12-23,Buy,1,15859.25,11/17/2023 11:50:57 AM,053b853e23644d118df192f53d2e2b85,Entry,1 L,d6d970dfb67f4a7d81b2c4b91c08b450,Entry,$0.61,1,SimPaperEdge,My NinjaTrader,
MNQ 12-23,Sell,1,15869.25,11/17/2023 11:53:20 AM,a7c641a13f944bb28f3f8e0beeb9c722,Exit,-,8697b7ced9f24bc0ae5c336d37646a4c,Target1,$0.61,1,SimPaperEdge,My NinjaTrader,
MNQ 12-23,Sell,1,15870.50,11/17/2023 11:56:15 AM,8d78ac89d6bd4d64828d3f088d3168f3,Entry,1 S,149db78073974f58b87dd15a9dd2362e,Entry,$0.61,1,SimPaperEdge,My NinjaTrader,
MNQ 12-23,Sell,1,15876.50,11/17/2023 11:58:37 AM,e2029742a8f94db994a0356fb1a258aa,Entry,2 S,40699da9a8634f18a59238c6d127a9e3,Entry,$0.61,1,SimPaperEdge,My NinjaTrader,
MNQ 12-23,Buy,1,15883.50,11/17/2023 12:02:53 PM,205b36162f2e4df6ba41f4346301880d,Exit,1 S,a8fda72ac042469784566ab99c6f2ef8,Stop1,$0.61,1,SimPaperEdge,My NinjaTrader,
MNQ 12-23,Buy,1,15883.50,11/17/2023 12:02:53 PM,5ebfeb5b66c04c0ca2c7fb7aeb6fea7c,Exit,-,552bd2053b094dc488e744ff06abc9ca,Stop1,$0.61,1,SimPaperEdge,My NinjaTrader,
MNQ 12-23,Buy,1,15884.75,11/17/2023 12:03:05 PM,b411dfbff21e4586a6e6884e54d0e048,Entry,1 L,b6f05da4601c49c1a6ee4e3cd9c7ed02,Entry,$0.61,1,SimPaperEdge,My NinjaTrader,
MNQ 12-23,Sell,1,15894.75,11/17/2023 12:08:26 PM,82728b5c8b40455893ca0555f4a0ccc9,Exit,-,2e4660fae5db4d27831b23d3ae428085,Target1,$0.61,1,SimPaperEdge,My NinjaTrader,
MNQ 12-23,Sell,1,15886.25,11/17/2023 12:10:26 PM,f6efe40d74c84440a26ce11b1c263658,Entry,1 S,535a89266d954c308214ba17b83c8482,Entry,$0.61,1,SimPaperEdge,My NinjaTrader,
MNQ 12-23,Buy,1,15876.00,11/17/2023 12:21:08 PM,42a6105f317d4d0ab46a4caa7b4c2cbe,Exit,-,5f8e45e6a66741a88c84253177c616e3,Target1,$0.61,1,SimPaperEdge,My NinjaTrader,
MNQ 12-23,Sell,1,15866.00,11/17/2023 12:25:20 PM,c21e87204ceb4046a90a2efd2202593f,Entry,1 S,51b1148c04264de0af5ce266c02b0eee,Entry,$0.61,1,SimPaperEdge,My NinjaTrader,
MNQ 12-23,Sell,1,15871.75,11/17/2023 12:30:13 PM,8f4856af8a3e49beb7ccfbd1f0c85694,Entry,2 S,7d1f4688e2e84752b71a0419f04aac7b,Entry,$0.61,1,SimPaperEdge,My NinjaTrader,
MNQ 12-23,Buy,1,15878.25,11/17/2023 12:41:30 PM,cfc71f8fb5d64ea1bf0a304985439994,Exit,1 S,e810defccd7545cba1ac1b061c5d7bba,Stop1,$0.61,1,SimPaperEdge,My NinjaTrader,
MNQ 12-23,Buy,1,15878.25,11/17/2023 12:41:30 PM,4bfaa13b9f134cbeb6b95d07e7d9e18a,Exit,-,0eb792e4d23245428e81fcd62bfc391a,Stop1,$0.61,1,SimPaperEdge,My NinjaTrader,
MNQ 12-23,Buy,1,15879.25,11/17/2023 12:42:04 PM,4072addabe704065b42c074da072cf9d,Entry,1 L,02017e3b4a874982878671c641ea91b0,Entry,$0.61,1,SimPaperEdge,My NinjaTrader,
MNQ 12-23,Buy,1,15889.25,11/17/2023 12:55:04 PM,ebec4b3c995245879d62acd98dada452,Entry,2 L,0102bbd2aeb84920833c349685e6aa11,Entry,$0.61,1,SimPaperEdge,My NinjaTrader,
MNQ 12-23,Sell,1,15884.50,11/17/2023 12:56:08 PM,a0f62b092f884c049a2c8aaeb008b358,Exit,1 L,130620691cc74931940916effb31e336,Stop1,$0.61,1,SimPaperEdge,My NinjaTrader,
MNQ 12-23,Sell,1,15884.50,11/17/2023 12:56:08 PM,4723b95131ab47a9a4060d4cd97326af,Exit,-,cc2ac5868d19495b9d632f0addb25727,Stop1,$0.61,1,SimPaperEdge,My NinjaTrader,
MNQ 12-23,Sell,1,15891.25,11/17/2023 1:04:30 PM,f1ef8b9256db43f489523bd1272b2894,Entry,1 S,91758497bd0d47c1a4d2053cfaca6bca,Entry,$0.61,1,SimPaperEdge,My NinjaTrader,
MNQ 12-23,Buy,1,15901.25,11/17/2023 1:11:29 PM,d4fb3425940b4bd396b47ed59108317d,Exit,-,7e8315f039544f84813e07af97863a20,Stop1,$0.61,1,SimPaperEdge,My NinjaTrader,
MNQ 12-23,Buy,1,15900.00,11/17/2023 1:53:47 PM,cbf31d55b9a245948571263a4a3c6ec4,Entry,1 L,4aa6698888b449f3b147c38981720b3b,Entry,$0.61,1,SimPaperEdge,My NinjaTrader,
MNQ 12-23,Sell,1,15910.00,11/17/2023 1:59:25 PM,980f67e6ba60430d8b98851054b9a52f,Exit,-,72ee6944933740e4a10812702f39460a,Target1,$0.61,1,SimPaperEdge,My NinjaTrader,
MNQ 12-23,Sell,1,15917.75,11/17/2023 2:01:04 PM,0b730136ea8e42abbf49bbbf947fb984,Entry,1 S,4d205047cfec425db1ae6b6f12efce2f,Entry,$0.61,1,SimPaperEdge,My NinjaTrader,
MNQ 12-23,Buy,1,15927.75,11/17/2023 2:05:09 PM,57ae7e6f939d47a7a7d0f5c56da675ce,Exit,-,c8759ea2346a4a3a9c841c4d09f7f7d2,Stop1,$0.61,1,SimPaperEdge,My NinjaTrader,
MNQ 12-23,Buy,1,15929.50,11/17/2023 2:07:20 PM,f3804336955041b08608754b4043dc94,Entry,1 L,b31cedd62c944569b0ce83f3350ee8c8,Entry,$0.61,1,SimPaperEdge,My NinjaTrader,
MNQ 12-23,Sell,1,15939.50,11/17/2023 2:10:12 PM,a19e60140c3f40abb1206e67ce6fa6b1,Exit,-,924424eedabb4cc8bf31513d77e32b8b,Target1,$0.61,1,SimPaperEdge,My NinjaTrader,
MNQ 12-23,Buy,1,15932.25,11/17/2023 2:13:18 PM,9d77dd62b9cd4bd1b8616f07576563a6,Entry,1 L,0442fdbdd8e249649e25ac94cc7abe46,Entry,$0.61,1,SimPaperEdge,My NinjaTrader,
MNQ 12-23,Sell,1,15922.25,11/17/2023 2:20:54 PM,d1f6e1b3389442eaabc6de66128161de,Exit,-,a4e1702eb5ba4346bb18fc504212e882,Stop1,$0.61,1,SimPaperEdge,My NinjaTrader,
MNQ 12-23,Sell,1,16051.75,11/29/2023 11:50:38 AM,a1eaf6a2fd5a422298b220c5d88c25bd,Entry,1 S,b4da78d4981e44ed84608afc6e7dd58e,Entry,$0.61,1,SimPaperEdge,My NinjaTrader,
MNQ 12-23,Buy,1,16065.75,11/29/2023 11:53:44 AM,0e04c53d45e94ac2b9a8a92360862ba3,Exit,-,ed15da1573164c248dbe818caf5881d6,Stop1,$0.61,1,SimPaperEdge,My NinjaTrader,
MNQ 12-23,Buy,1,16067.50,11/29/2023 11:54:10 AM,c58a146005c84ee0a028af6a08eda1d1,Entry,1 L,b9a46043c7244f76bc45ef4402e66ce1,Entry,$0.61,1,SimPaperEdge,My NinjaTrader,
MNQ 12-23,Sell,1,16057.50,11/29/2023 12:02:45 PM,bfd2f7aab7994c2684c5f669fcc88dfd,Exit,-,a8234540dc074e7cb7992d9f956a6238,Stop1,$0.61,1,SimPaperEdge,My NinjaTrader,
MNQ 12-23,Sell,1,16077.50,11/29/2023 1:08:18 PM,93cd566389244f40ac58fc8889cebccf,Entry,1 S,807529b42f764e1abe68f9ed1540be8d,Entry,$0.61,1,SimPaperEdge,My NinjaTrader,
MNQ 12-23,Sell,1,16066.50,11/29/2023 1:20:45 PM,60dec5153e6a49829493b95473f70116,Entry,2 S,85dd77e0d7f5435fa5d0491c4473ad61,Entry,$0.61,1,SimPaperEdge,My NinjaTrader,
MNQ 12-23,Buy,1,16083.50,11/29/2023 1:26:55 PM,81179abd9dec45bebb502e4d3d34525f,Exit,1 S,386f122beb884dd194a88bc7a24f7c75,Stop1,$0.61,1,SimPaperEdge,My NinjaTrader,
MNQ 12-23,Buy,1,16083.50,11/29/2023 1:26:55 PM,deaeb8307ed14a58a1d70e3e047aa57b,Exit,-,68c38e12377942139b7db72cb70a5c31,Stop1,$0.61,1,SimPaperEdge,My NinjaTrader,
MNQ 12-23,Sell,1,16082.75,11/29/2023 2:19:01 PM,994803634643490cab46f0834bd62307,Entry,1 S,888a08f6d8f84fbf92d7c0a01e55ab62,Entry,$0.61,1,SimPaperEdge,My NinjaTrader,
MNQ 12-23,Buy,1,16069.50,11/29/2023 2:25:22 PM,6125698558ef44fead322be4d1e30e54,Exit,-,beef236089924b19bfcb67c1a7d58db5,Target1,$0.61,1,SimPaperEdge,My NinjaTrader,
MNQ 12-23,Buy,1,16064.25,11/29/2023 2:30:15 PM,97ecf35a045e4117bc960d3053c3b23b,Entry,1 L,60bc3580014349bebfff57786ae67b36,Entry,$0.61,1,SimPaperEdge,My NinjaTrader,
MNQ 12-23,Buy,1,16056.25,11/29/2023 2:35:54 PM,55704033f42546d782219e3f94727234,Entry,2 L,8c3a2dd95fa04e908990133d0c113add,Entry,$0.61,1,SimPaperEdge,My NinjaTrader,
MNQ 12-23,Sell,1,16047.25,11/29/2023 2:36:04 PM,4405b64aea224d4dbb0288fff310432d,Exit,1 L,726e6773de6e4323bca468ffbe8b1f3f,Stop1,$0.61,1,SimPaperEdge,My NinjaTrader,
MNQ 12-23,Sell,1,16047.25,11/29/2023 2:36:04 PM,aa29ae70903b46bb89453d8b2fca6a4a,Exit,-,d19509d74a9c407e9232ddc918eb40cc,Stop1,$0.61,1,SimPaperEdge,My NinjaTrader,
MNQ 12-23,Sell,1,16040.75,11/29/2023 2:36:09 PM,a89f5da16d0b45378a8b1b4effdf1346,Entry,1 S,2f4893afd8254aa98e5d26444dcb75bf,Entry,$0.61,1,SimPaperEdge,My NinjaTrader,
MNQ 12-23,Buy,1,16054.50,11/29/2023 2:45:36 PM,8545fbedc198422eb01b8a9b8cad90d1,Exit,-,5f6f23bade9f4d76a6d21c0df723a2a8,Stop1,$0.61,1,SimPaperEdge,My NinjaTrader,
MNQ 12-23,Sell,1,15893.00,11/30/2023 1:04:46 PM,d5b08202c5104c9dac1a455878ef2545,Entry,1 S,99d7bbe9ab7d48f393b79a6396bc97b7,Entry,$0.61,1,SimPaperEdge,My NinjaTrader,
MNQ 12-23,Buy,1,15883.00,11/30/2023 1:06:50 PM,1235010ded0f41789ca90caa84b732b4,Exit,-,cc0b44fd6def4b89b01165872b66d5d1,Target1,$0.61,1,SimPaperEdge,My NinjaTrader,
MNQ 12-23,Sell,1,15873.25,11/30/2023 1:09:39 PM,76fc75be95404578ad2978fa81490579,Entry,1 S,d69bfae1fd2c4fd99a215196a8c4b96e,Entry,$0.61,1,SimPaperEdge,My NinjaTrader,
MNQ 12-23,Buy,1,15885.75,11/30/2023 1:22:56 PM,e723d5b284d44a3d9596abf16bf7d454,Exit,-,be4db2d6a27d477a818d2e134da27fa4,Stop1,$0.61,1,SimPaperEdge,My NinjaTrader,
MNQ 12-23,Sell,1,15883.00,11/30/2023 1:25:52 PM,2cad688861f24a988fd71ecf7869f097,Entry,1 S,815f632026c94bda8326a900431ff9b3,Entry,$0.61,1,SimPaperEdge,My NinjaTrader,
MNQ 12-23,Buy,1,15873.00,11/30/2023 1:27:24 PM,50fd1e8a288a4b28b513339ec6d017c4,Exit,-,7cf405f15d4e49ebbea0f6fccb8dd81b,Target1,$0.61,1,SimPaperEdge,My NinjaTrader,
MNQ 12-23,Sell,1,15860.00,11/30/2023 1:31:12 PM,e7819ed066814b3790eb0d0de3f11719,Entry,1 S,8fe577453210458da69df6f7c906e2ff,Entry,$0.61,1,SimPaperEdge,My NinjaTrader,
MNQ 12-23,Buy,1,15870.00,11/30/2023 1:32:06 PM,700887a26fe743bbab77f3571d7f493e,Exit,-,92f1caf9a3df4f0fb5bb69c34655fb1f,Stop1,$0.61,1,SimPaperEdge,My NinjaTrader,
MNQ 12-23,Sell,1,15872.00,11/30/2023 1:32:58 PM,16e73498143146ad8ab52103dd9c84a5,Entry,1 S,3295b559b6a6461a946ae28fea57ba44,Entry,$0.61,1,SimPaperEdge,My NinjaTrader,
MNQ 12-23,Buy,1,15882.25,11/30/2023 1:34:17 PM,865780e10b8545faa73c83427a32ab83,Exit,-,9554ce6eb6674944b664b87a7fe612ed,Stop1,$0.61,1,SimPaperEdge,My NinjaTrader,
MNQ 12-23,Buy,1,15920.50,12/5/2023 10:04:03 AM,81516dfe14a44cdea771421bf95b2218,Entry,1 L,a1d208c1d3134abd8104c4378bbda38c,Entry,$0.61,1,SimPaperEdge,My NinjaTrader,
MNQ 12-23,Buy,1,15935.00,12/5/2023 10:22:36 AM,d0b221af64f14ce580ff613da745b28c,Entry,2 L,c576be983aeb404598f167f70f3c8d2a,Entry,$0.61,1,SimPaperEdge,My NinjaTrader,
MNQ 12-23,Buy,1,15871.75,12/5/2023 10:27:03 AM,01ad846998c247cabefed92cd6fcb545,Entry,3 L,d1fc5eb3738641b2834c3d58826ae58d,Entry,$0.61,1,SimPaperEdge,My NinjaTrader,
MNQ 12-23,Sell,1,15947.00,12/5/2023 10:46:19 AM,611540dfef974cf9b15f534cbc604575,Exit,2 L,8d38543bd79248229612d7d61d9925d0,Target1,$0.61,1,SimPaperEdge,My NinjaTrader,
MNQ 12-23,Sell,1,15947.00,12/5/2023 10:46:20 AM,9fb0cbf29e3746d2a33b0f7f6ffab993,Exit,1 L,26a615b9235f433ebbcad160ae00e303,Target1,$0.61,1,SimPaperEdge,My NinjaTrader,
MNQ 12-23,Sell,1,15947.00,12/5/2023 10:46:20 AM,cfa732b865d6497680201489a0622380,Exit,-,5368c4550a2f4b14a7b28e58aa445683,Target1,$0.61,1,SimPaperEdge,My NinjaTrader,
MNQ 12-23,Sell,1,15884.25,12/5/2023 12:28:35 PM,28978c7e89a948fd8a2e6473be859f2e,Entry,1 S,924f74ba9e8140289e778cb79e96bfc4,Entry,$0.61,1,SimPaperEdge,My NinjaTrader,
MNQ 12-23,Buy,1,15869.75,12/5/2023 12:34:16 PM,c3a3d82cfb0948c9a6aa8f3270deef29,Exit,-,4858dc5485e24bfaa06e865afed12dfa,Target1,$0.61,1,SimPaperEdge,My NinjaTrader,
MNQ 12-23,Buy,1,15868.00,12/5/2023 12:34:29 PM,64101a9367524bbabed8471ffb27f3d8,Entry,1 L,18f5ffce344a402b9a5f00332ffc0f7b,Entry,$0.61,1,SimPaperEdge,My NinjaTrader,
MNQ 12-23,Sell,1,15853.50,12/5/2023 12:43:05 PM,7d06b0fa942643dd801b22532016fef7,Exit,-,30d794c30c0d4bc3b8a20252453431e6,Stop1,$0.61,1,SimPaperEdge,My NinjaTrader,
MNQ 12-23,Buy,1,15905.25,12/5/2023 3:13:57 PM,4538b4fec3b74099958c47d76b7c14ae,Entry,1 L,11480db131d8446aa354874a804caba4,Entry,$0.61,1,SimPaperEdge,My NinjaTrader,
MNQ 12-23,Buy,1,15894.75,12/5/2023 3:30:02 PM,b5938c68e55d4945b491ff62ba6c783e,Entry,2 L,caa68d3cd8f842f3a2ab2ba7adc4e953,Entry,$0.61,1,SimPaperEdge,My NinjaTrader,
MNQ 12-23,Buy,1,15893.50,12/5/2023 3:38:39 PM,1d10a958a0d84f03aa0231cd6377210e,Entry,3 L,fea4531ecefd445ea70f0478362493e6,Entry,$0.61,1,SimPaperEdge,My NinjaTrader,
MNQ 12-23,Sell,1,15887.75,12/5/2023 3:44:18 PM,40b5ea2c408f4b31ba3e19dc630b195b,Exit,2 L,0bcf5eac7cd745838ede99ee1e94f35d,Stop1,$0.61,1,SimPaperEdge,My NinjaTrader,
MNQ 12-23,Sell,1,15887.75,12/5/2023 3:44:18 PM,6bd22fb63ee54435a47de7a865a74aca,Exit,1 L,a5eeba65195e4b449cdb9d9821fb424e,Stop1,$0.61,1,SimPaperEdge,My NinjaTrader,
MNQ 12-23,Sell,1,15887.75,12/5/2023 3:44:18 PM,5579ff2120f9436ba549f1a2dfdf11b3,Exit,-,5b6ec6295b7b4e919256684429f023b1,Stop1,$0.61,1,SimPaperEdge,My NinjaTrader,
MNQ 12-23,Sell,1,15879.75,12/6/2023 11:46:50 AM,68341c6345214eaba1fb511226c7e617,Entry,1 S,bc9045124bf54369aac0f579d8669d22,Entry,$0.61,1,SimPaperEdge,My NinjaTrader,
MNQ 12-23,Buy,1,15892.75,12/6/2023 11:53:01 AM,401afad653374007aed0148fbd180f21,Exit,-,1536131baba34474acf2b6cd5990fb61,Stop1,$0.61,1,SimPaperEdge,My NinjaTrader,
MNQ 12-23,Buy,1,15902.25,12/6/2023 11:55:55 AM,7e85b90d01b14efe9b4d5c255b8b3644,Entry,1 L,bffdb3d440434689a93bd1fb079fd86e,Entry,$0.61,1,SimPaperEdge,My NinjaTrader,
MNQ 12-23,Buy,1,15913.25,12/6/2023 11:59:06 AM,68f038a51ba5408292db024f28dc5e44,Entry,2 L,79ad1e9b476e4b92be2a6a823104a2af,Entry,$0.61,1,SimPaperEdge,My NinjaTrader,
MNQ 12-23,Sell,1,15908.00,12/6/2023 12:00:54 PM,214334b63dba46dbb2f45ce06230a630,Exit,1 L,97245e9cbda5497f85e4896a0b7161eb,Stop1,$0.61,1,SimPaperEdge,My NinjaTrader,
MNQ 12-23,Sell,1,15908.00,12/6/2023 12:00:54 PM,e1d6cc5c3e254143a16de0442405a28c,Exit,-,d09e14f8f30a40c99c93c0e27b555116,Stop1,$0.61,1,SimPaperEdge,My NinjaTrader,
MNQ 12-23,Buy,1,15904.50,12/6/2023 12:04:11 PM,9e04ce2892d2455ebb42e4077c65539e,Entry,1 L,b1605bf6723b4200b9595ad2a1fcad5a,Entry,$0.61,1,SimPaperEdge,My NinjaTrader,
MNQ 12-23,Buy,1,15914.50,12/6/2023 12:07:29 PM,a659879706e84b70adb6e1d1c9cad8df,Entry,2 L,17275716deea415f97ba11d6160ad156,Entry,$0.61,1,SimPaperEdge,My NinjaTrader,
MNQ 12-23,Buy,1,15919.25,12/6/2023 12:11:19 PM,df0c5560b9fd4bcc9d30ea160295ce09,Entry,3 L,be24c4e6213a4befa8d0b89ad882c002,Entry,$0.61,1,SimPaperEdge,My NinjaTrader,
MNQ 12-23,Sell,1,15914.50,12/6/2023 12:13:44 PM,478c6f1eecb948ada71e218970ceb4f0,Exit,2 L,99c79b2c04ef4fb7bf1d61f4ca6bf57e,Stop1,$0.61,1,SimPaperEdge,My NinjaTrader,
MNQ 12-23,Sell,1,15914.50,12/6/2023 12:13:44 PM,746520688c3e49049aca39addc98089d,Exit,1 L,7c7ec5fd532f459bb60e53e0e7c8de72,Stop1,$0.61,1,SimPaperEdge,My NinjaTrader,
MNQ 12-23,Sell,1,15914.50,12/6/2023 12:13:44 PM,21aec2c1f6a44920b38d4d6974247139,Exit,-,3218dbbb9ba14a21ad4aea9dae1cf2ce,Stop1,$0.61,1,SimPaperEdge,My NinjaTrader,
MNQ 12-23,Buy,1,15908.00,12/6/2023 12:15:00 PM,db63e5a5191040db91f3a83299b1c0dc,Entry,1 L,83615f2bf6124852bf9f859d1f781a22,Entry,$0.61,1,SimPaperEdge,My NinjaTrader,
MNQ 12-23,Sell,1,15898.00,12/6/2023 12:19:21 PM,75cea66c2c6846c4863f4a7dece076b0,Exit,-,20db530e3e1d471689d35425b3350d3e,Stop1,$0.61,1,SimPaperEdge,My NinjaTrader,
MNQ 12-23,Buy,1,15897.00,12/6/2023 12:26:09 PM,528d671aec91454d8e561c0f74c5dba6,Entry,1 L,a6baf1431a334918812fb2817d515ebb,Entry,$0.61,1,SimPaperEdge,My NinjaTrader,
MNQ 12-23,Sell,1,15907.00,12/6/2023 12:40:30 PM,3bb4e94fd4c14d94881ce06cf9d086e2,Exit,-,038debbbac1a462282230e325b6f2ca3,Target1,$0.61,1,SimPaperEdge,My NinjaTrader,
MNQ 12-23,Sell,1,15912.00,12/6/2023 12:42:19 PM,23ae461002b94387a460c4c5a9e5ff4d,Entry,1 S,d424d29d76e84c48b756f91770d0c6c9,Entry,$0.61,1,SimPaperEdge,My NinjaTrader,
MNQ 12-23,Buy,1,15902.00,12/6/2023 12:45:32 PM,48de647a9b304cce845b5deed5e10745,Exit,-,694f16042ddd434a9322cb91f605b884,Target1,$0.61,1,SimPaperEdge,My NinjaTrader,
MNQ 12-23,Sell,1,15860.00,12/6/2023 1:05:56 PM,4116fb0b1b544605b69d3ba4cf12cb0b,Entry,1 S,f36b72179b6c4744bd695fe32becd97c,Entry,$0.61,1,SimPaperEdge,My NinjaTrader,
MNQ 12-23,Buy,1,15848.75,12/6/2023 1:06:17 PM,123ef75d3ad54ff6adb22b3c6304ed6a,Exit,-,fbb6d0884b324afe8ed09008553236d8,Target1,$0.61,1,SimPaperEdge,My NinjaTrader,
MNQ 12-23,Sell,1,16025.50,12/7/2023 11:08:37 PM,80bb352071cd41bc9f639b2b20e52c47,Entry,1 S,5942bf5123b8462b853d795cdff63be8,Entry,$0.61,1,SimPaperEdge,My NinjaTrader,
MNQ 12-23,Buy,1,16020.50,12/8/2023 12:25:32 AM,dcebde5cba1e40a7acc26061600d5352,Exit,-,f742c7c6e0ad4dcaad478befefa55aa2,Target1,$0.61,1,SimPaperEdge,My NinjaTrader,
MNQ 12-23,Buy,1,16040.50,12/8/2023 10:05:28 AM,a4425ec5ceab40bdb599a33fbed0aac3,Entry,1 L,4124a503dadf476480aacf8e5f4a88ec,Entry,$0.61,1,SimPaperEdge,My NinjaTrader,
MNQ 12-23,Sell,1,16031.75,12/8/2023 10:05:29 AM,681ef200b3ad4ce79c2087da721b9c34,Exit,-,c4b8901365134d08a91a8a2448d88af4,Stop1,$0.61,1,SimPaperEdge,My NinjaTrader,
MNQ 12-23,Buy,1,16040.25,12/8/2023 10:05:54 AM,49dda948d9ef4b979a2b19665d24c877,Entry,1 L,3ebb0d45f83f465e84e96c4f88f4eeb7,,$0.61,1,SimPaperEdge,My NinjaTrader,
MNQ 12-23,Sell,1,16061.25,12/8/2023 10:07:10 AM,f86624576afe4bbabe30ad03d5de89da,Exit,-,6df88a4da33f4e6db50ba3317b3d50dd,Entry,$0.61,1,SimPaperEdge,My NinjaTrader,
MNQ 12-23,Buy,1,16098.25,12/8/2023 10:18:45 AM,990ec80f06a74d71b1920dc8cb3dddf7,Entry,1 L,65373925f48e4bc6bc08120a9aec9784,Entry,$0.61,1,SimPaperEdge,My NinjaTrader,
MNQ 12-23,Buy,1,16108.25,12/8/2023 10:24:25 AM,83268321219044918653a3286cb8b1bf,Entry,2 L,20ec31f3ce8342c7be9d1b8cb7f9b255,Entry,$0.61,1,SimPaperEdge,My NinjaTrader,
MNQ 12-23,Buy,1,16085.50,12/8/2023 10:31:07 AM,c26bed5561694856a54dc7ad85458b6c,Entry,3 L,99ce2d8b99ab4485bfb41cdc314d13e7,Entry,$0.61,1,SimPaperEdge,My NinjaTrader,
MNQ 12-23,Sell,1,16049.50,12/8/2023 10:35:48 AM,3eee7896d5e345b6ab6c29d00756ba2f,Exit,2 L,cd77892bec7d41aca2e3f176f901cffd,Stop1,$0.61,1,SimPaperEdge,My NinjaTrader,
MNQ 12-23,Sell,1,16049.50,12/8/2023 10:35:48 AM,a642b76e311b45a6a7405b3875ba70eb,Exit,1 L,4f00316bc7f745baa5f5b47834f16758,Stop1,$0.61,1,SimPaperEdge,My NinjaTrader,
MNQ 12-23,Sell,1,16049.50,12/8/2023 10:35:48 AM,e1c2cdbca1584573b80ee28fe26255be,Exit,-,25cba346a24145cd9be1a32f39c11c74,Stop1,$0.61,1,SimPaperEdge,My NinjaTrader,
MNQ 12-23,Buy,1,16054.75,12/8/2023 10:47:46 AM,215134f048304c2a83b3291bc56f2ea8,Entry,1 L,e4fb4d200dc24f18b2d3b17be40b92e8,Entry,$0.61,1,SimPaperEdge,My NinjaTrader,
MNQ 12-23,Buy,1,16087.25,12/8/2023 10:53:15 AM,f2e98ebd3c474b83b3b1e1dda800101e,Entry,2 L,6449e575f2e844e998cb413caf9b32ad,Entry,$0.61,1,SimPaperEdge,My NinjaTrader,
MNQ 12-23,Buy,1,16097.00,12/8/2023 10:57:18 AM,35fcba3eb7694936b1c0353dd350ac37,Entry,3 L,6aac4378c0704d17bd46e5c6b8d04dbc,Entry,$0.61,1,SimPaperEdge,My NinjaTrader,
MNQ 12-23,Sell,1,16018.75,12/8/2023 11:38:47 AM,fdb28a4469e8446fa19fac7df554c37a,Exit,2 L,734820fb0fe7496e96710c2ba2afb00f,Stop1,$0.61,1,SimPaperEdge,My NinjaTrader,
MNQ 12-23,Sell,1,16018.75,12/8/2023 11:38:48 AM,a59124b697c04ec5b9a09cbab731a57e,Exit,1 L,9bbf33c62a3940e9a908499ef9fd9e0a,Stop1,$0.61,1,SimPaperEdge,My NinjaTrader,
MNQ 12-23,Sell,1,16018.75,12/8/2023 11:38:48 AM,44f47f0ed351404fb96cd09696e8f8c0,Exit,-,6b3333149bf04813901f7279970760da,Stop1,$0.61,1,SimPaperEdge,My NinjaTrader,
MNQ 03-24,Buy,1,16369.25,12/11/2023 10:02:20 AM,ebc1b4df51404659b88c887e25db6cdf,Entry,1 L,a08400cf54364ba9b7cf622f3f5da908,Entry,$0.61,1,SimPaperEdge,My NinjaTrader,
MNQ 03-24,Sell,1,16359.25,12/11/2023 10:02:51 AM,27685a772f6d40e6af66bf0e1ca613e3,Exit,-,c4bc8d40c7624565868ca2c4ae47ee04,Stop1,$0.61,1,SimPaperEdge,My NinjaTrader,
MNQ 03-24,Buy,1,16903.75,12/18/2023 11:59:45 AM,c9cdf2d577824a0b87c594981c993f15,Entry,1 L,e55ddec24ee04aa582975b6e91e7f50e,Entry,$0.61,1,SimPaperEdge,My NinjaTrader,
MNQ 03-24,Sell,1,16913.75,12/18/2023 12:02:44 PM,75b2eda302734ba58299127783af76d0,Exit,-,8b1f9b71b6cd487e950d9af270c499c2,Target1,$0.61,1,SimPaperEdge,My NinjaTrader,
MNQ 03-24,Buy,1,16916.00,12/18/2023 12:08:26 PM,531394b498814b9d9231c18c68f4c143,Entry,1 L,e21245ce6d1840fa91a49d33450dc1f4,Entry,$0.61,1,SimPaperEdge,My NinjaTrader,
MNQ 03-24,Buy,1,16926.00,12/18/2023 12:10:33 PM,94b8710ab00b49f7b3eb67d7d9efee16,Entry,2 L,5fbba27c38554a089df33f9c04175b63,Entry,$0.61,1,SimPaperEdge,My NinjaTrader,
MNQ 03-24,Buy,1,16949.25,12/18/2023 1:25:26 PM,db88b79e594c49eb8d57af3b1c1135f1,Entry,3 L,48961f04dc6649a0908f28f8260719c5,Entry,$0.61,1,SimPaperEdge,My NinjaTrader,
MNQ 03-24,Sell,3,16923.25,12/18/2023 4:32:00 PM,fc3aabb86b6449c48c40ea833245973a,Exit,-,ecf6bb205f01462aaa01914363fccd9d,Close,$1.83,1,SimPaperEdge,My NinjaTrader,
MNQ 03-24,Buy,1,16975.75,12/19/2023 1:09:48 PM,5b7bb79979f2491ca6c86dbcc360e24b,Entry,1 L,d0bd92598b9943748b8b6ef12ce4d76a,Entry,$0.61,1,SimPaperEdge,My NinjaTrader,
MNQ 03-24,Buy,1,16985.50,12/19/2023 1:26:27 PM,93e9a4c60c80402ca04e5fd24c41a493,Entry,2 L,24844443a871455eb45b0e2e9afc7ad5,Entry,$0.61,1,SimPaperEdge,My NinjaTrader,
MNQ 03-24,Sell,1,16991.75,12/19/2023 1:29:15 PM,96c4a435972a4a0ba60a098e80b75c62,Exit,1 L,ab91e29b0db14598b0fab48eef14e640,Target1,$0.61,1,SimPaperEdge,My NinjaTrader,
MNQ 03-24,Sell,1,16991.75,12/19/2023 1:29:15 PM,6bc22e996a48425c893e45e51d542d29,Exit,-,89a175d1c9164894ba778d3ae8096a89,Target1,$0.61,1,SimPaperEdge,My NinjaTrader,
MNQ 03-24,Sell,1,16992.75,12/19/2023 1:30:29 PM,26646a8133f54a36aa81c0693bc798ff,Entry,1 S,f26c9266c3424e7e91e8513cd7533808,Entry,$0.61,1,SimPaperEdge,My NinjaTrader,
MNQ 03-24,Buy,1,16985.00,12/19/2023 1:37:26 PM,205613a1a653472e872b04c1e0ef3701,Exit,-,2e6d5fed0365437dad6c9e550c3be0ef,Target1,$0.61,1,SimPaperEdge,My NinjaTrader,
MNQ 03-24,Sell,1,16996.00,12/19/2023 1:39:49 PM,22664509beed4499bd5d6a98f5d80fa7,Entry,1 S,ecd9e15909424436ac07a53d94e73110,Entry,$0.61,1,SimPaperEdge,My NinjaTrader,
MNQ 03-24,Sell,1,17004.00,12/19/2023 1:48:49 PM,30dfa660f488463b96b366ae56639572,Entry,2 S,ce3584bd54eb47558e203e5933d642c7,Entry,$0.61,1,SimPaperEdge,My NinjaTrader,
MNQ 03-24,Buy,1,16995.00,12/19/2023 1:54:12 PM,a4282e316f154ae3ab6a6489a454c096,Exit,1 S,ff22292adf8140b490ee12f1b0fd5d37,Target1,$0.61,1,SimPaperEdge,My NinjaTrader,
MNQ 03-24,Buy,1,16995.00,12/19/2023 1:54:12 PM,e46c58a71c1847e7a87ee15c48e815b0,Exit,-,be1b702000024fefaa542cd8ece69fdf,Target1,$0.61,1,SimPaperEdge,My NinjaTrader,
MNQ 03-24,Buy,1,16988.00,12/19/2023 1:57:29 PM,92d31c344b754aaca12169397bc54431,Entry,1 L,adf345ac5cb3474a841cde88dad32976,Entry,$0.61,1,SimPaperEdge,My NinjaTrader,
MNQ 03-24,Sell,1,16998.00,12/19/2023 2:02:19 PM,bfc31136588542fea6cfcc38d85374b0,Exit,-,4d47795f1f514157b94304d50c87e486,Target1,$0.61,1,SimPaperEdge,My NinjaTrader,
MNQ 03-24,Sell,1,17000.50,12/19/2023 2:05:05 PM,a6d019e449f141af8ffd8867ea50a9f9,Entry,1 S,05d52fbc7e65478cbc0e4c55763a1b7b,Entry,$0.61,1,SimPaperEdge,My NinjaTrader,
MNQ 03-24,Sell,1,17003.75,12/19/2023 2:09:31 PM,f42658e2f0bf4b40815be89692985146,Entry,2 S,3a0dfb49796c44758569200859a78468,Entry,$0.61,1,SimPaperEdge,My NinjaTrader,
MNQ 03-24,Sell,1,17006.75,12/19/2023 2:10:57 PM,427d22a414d1463484485ce0e80fb5cc,Entry,3 S,f1e197cd7d9249a7a254d4e2ce95904c,Entry,$0.61,1,SimPaperEdge,My NinjaTrader,
MNQ 03-24,Buy,1,17000.25,12/19/2023 2:21:42 PM,4aca3c01c91d47a8b6cb4efd798524fd,Exit,2 S,d0aec9bf92564223a939148aad58ea6c,Target1,$0.61,1,SimPaperEdge,My NinjaTrader,
MNQ 03-24,Buy,1,17000.25,12/19/2023 2:21:42 PM,6398c42d01b24e17b8d8809e2cc5f171,Exit,1 S,88039755e7df4425adbcbe2c1c54eb1b,Target1,$0.61,1,SimPaperEdge,My NinjaTrader,
MNQ 03-24,Buy,1,17000.25,12/19/2023 2:21:42 PM,778904ae9c3242208e8cad32bb729d96,Exit,-,b04c690a16b24588b0df0a638f10ac9f,Target1,$0.61,1,SimPaperEdge,My NinjaTrader,
MNQ 03-24,Buy,1,17000.25,12/19/2023 2:21:58 PM,ff26f099b91242b4af46014ec7fbb787,Entry,1 L,1749bb5270f14f83b0e4278c2e165074,Entry,$0.61,1,SimPaperEdge,My NinjaTrader,
MNQ 03-24,Buy,1,16996.25,12/19/2023 2:23:01 PM,db67f3fd20b247b2884c8de935a09eb5,Entry,2 L,51ba434f83e843558ee0c6ae7ff547d1,Entry,$0.61,1,SimPaperEdge,My NinjaTrader,
MNQ 03-24,Buy,1,16996.75,12/19/2023 2:40:48 PM,9b80afbb18ff43a193aa5d81e948c41b,Entry,3 L,ab485f57ddd446f4aeef43f8ca76e103,Entry,$0.61,1,SimPaperEdge,My NinjaTrader,
MNQ 03-24,Sell,1,17004.50,12/19/2023 3:01:24 PM,d869ed8dc41b4536affbc99bc262095a,Exit,2 L,e0d2cd9695ae4829a6e5b126ebff2cf6,Target1,$0.61,1,SimPaperEdge,My NinjaTrader,
MNQ 03-24,Sell,1,17004.50,12/19/2023 3:01:24 PM,63a2aac14f8f49b88176eecd8f352027,Exit,1 L,3c1b9e132a6e41dd8f6914bdb7d3a907,Target1,$0.61,1,SimPaperEdge,My NinjaTrader,
MNQ 03-24,Sell,1,17004.50,12/19/2023 3:01:24 PM,5889f60771e746dd88d40c3b9bc27fdb,Exit,-,99b1bef7fe6f40ed87d8af0b1e98cca4,Target1,$0.61,1,SimPaperEdge,My NinjaTrader,
MNQ 03-24,Buy,1,16874.25,12/21/2023 11:20:15 AM,949478c28b8f48098680fe57708aaa00,Entry,1 L,21f673f13b83468a80a3b3dbf84e9cac,Entry,$0.61,1,SimPaperEdge,My NinjaTrader,
MNQ 03-24,Sell,1,16884.25,12/21/2023 11:21:14 AM,aeaa3ab7549f4aafa1bed59d107f9b82,Exit,-,90f6632ae44e4b3d811a7aab5d8b6cfd,Target1,$0.61,1,SimPaperEdge,My NinjaTrader,
MNQ 03-24,Sell,1,16884.75,12/21/2023 11:21:21 AM,223a6457c983433a82b1970077e582bc,Entry,1 S,761467b2eafc4b0ea78af0edc9922c4d,Entry,$0.61,1,SimPaperEdge,My NinjaTrader,
MNQ 03-24,Sell,1,16894.75,12/21/2023 11:27:16 AM,86882b3d993f49fc8905ea83501c6308,Entry,2 S,1d330ffdfed642389e89ad3998358bab,Entry,$0.61,1,SimPaperEdge,My NinjaTrader,
MNQ 03-24,Sell,1,16900.00,12/21/2023 11:31:05 AM,045a31ae48394ffa832c042c0fbd4b47,Entry,3 S,2dcef5004b6642578de5d129e5f9520d,Entry,$0.61,1,SimPaperEdge,My NinjaTrader,
MNQ 03-24,Buy,1,16916.50,12/21/2023 11:36:37 AM,dac3ae62e3bd4433b551dde2db2f5f1e,Exit,2 S,e331e2ebbd0a4c9e8951b9f339c9accb,Stop1,$0.61,1,SimPaperEdge,My NinjaTrader,
MNQ 03-24,Buy,1,16916.50,12/21/2023 11:36:37 AM,c02434eec70e4bab954325f16b7d3ebd,Exit,1 S,8f290ed168f1403196b3e74072832fb8,Stop1,$0.61,1,SimPaperEdge,My NinjaTrader,
MNQ 03-24,Buy,1,16916.50,12/21/2023 11:36:37 AM,1df3344a16f742688137da43b23fab21,Exit,-,b20f49fff69d4c7399f454768c51a676,Stop1,$0.61,1,SimPaperEdge,My NinjaTrader,
MNQ 03-24,Buy,1,16920.25,12/21/2023 11:36:48 AM,cd8a17cc0c5a481a9daca57a3028091b,Entry,1 L,d043ebb454a5489abd004b068eb3a677,Entry,$0.61,1,SimPaperEdge,My NinjaTrader,
MNQ 03-24,Buy,1,16910.50,12/21/2023 11:38:58 AM,ca532c6575724ca8ad1a4eded801b3ab,Entry,2 L,6b8068e6601042738e805b0ae70f716a,Entry,$0.61,1,SimPaperEdge,My NinjaTrader,
MNQ 03-24,Sell,1,16902.25,12/21/2023 11:38:59 AM,1038bec23de0420cb86ccd7365fd5b82,Exit,1 L,81a4c1afa9fd4508b54084267dac04aa,Stop1,$0.61,1,SimPaperEdge,My NinjaTrader,
MNQ 03-24,Sell,1,16902.25,12/21/2023 11:38:59 AM,ac03f7e35a0f4535b95be03b42edec25,Exit,-,1a9ab4ce264f4b5b9e1d56c814eef98f,Stop1,$0.61,1,SimPaperEdge,My NinjaTrader,
MNQ 03-24,Buy,1,16901.00,12/21/2023 11:39:07 AM,b223045ade1543b49aa5cfc0dc7e2483,Entry,1 L,472e995e7b8f4924ba9434699238e921,Entry,$0.61,1,SimPaperEdge,My NinjaTrader,
MNQ 03-24,Sell,1,16911.00,12/21/2023 11:39:51 AM,2bc1b04b16b44642a77b7373bc3cf443,Exit,-,792e50f2c2f5460693bb522e982dc2dc,Target1,$0.61,1,SimPaperEdge,My NinjaTrader,
MNQ 03-24,Sell,1,16910.25,12/21/2023 11:40:00 AM,19215ab26e83460aacb3fa1e04c6fc70,Entry,1 S,6bae7399b7fe49fd8582ca2bc0ba9a34,Entry,$0.61,1,SimPaperEdge,My NinjaTrader,
MNQ 03-24,Buy,1,16900.25,12/21/2023 11:40:34 AM,9e3654eaa86c460eb5b91d0ba315d94f,Exit,-,de38da936c444e6594b02fa17886c7fb,Target1,$0.61,1,SimPaperEdge,My NinjaTrader,
MNQ 03-24,Buy,1,16901.25,12/21/2023 11:40:36 AM,3463d548c66e46239c0fb80c0286c6f1,Entry,1 L,3866876901784ad5b1e441e54f765966,Entry,$0.61,1,SimPaperEdge,My NinjaTrader,
MNQ 03-24,Sell,1,16911.75,12/21/2023 11:46:59 AM,cc83eb0c56a94c6695b50bf21ad898e8,Exit,-,2d8baeccb62449049d51eaa113bba35c,Target1,$0.61,1,SimPaperEdge,My NinjaTrader,
MNQ 03-24,Buy,1,16895.25,12/21/2023 11:53:48 AM,795d5f7567a34e99a828d7e95ae188bd,Entry,1 L,7b69b1c533514913a840c3791d42b086,Entry,$0.61,1,SimPaperEdge,My NinjaTrader,
MNQ 03-24,Buy,1,16885.00,12/21/2023 11:58:19 AM,d3c88a1b8ac0446f8542abac45cb9301,Entry,2 L,1b5111b764de430d84927005d2829258,Entry,$0.61,1,SimPaperEdge,My NinjaTrader,
MNQ 03-24,Buy,1,16882.25,12/21/2023 11:59:34 AM,24f3bc2fbc8646f382f808c377358cdb,Entry,3 L,285011380c184d7fbfe388a6418be263,Entry,$0.61,1,SimPaperEdge,My NinjaTrader,
MNQ 03-24,Sell,3,16875.00,12/21/2023 12:00:02 PM,61ad5310f6904d1f842073b447e4aad6,Exit,-,6d702745804e44598f606837ba1e3192,Close,$1.83,1,SimPaperEdge,My NinjaTrader,
MNQ 03-24,Sell,1,16875.00,12/21/2023 12:00:02 PM,cb8d4d709288487aac68ba26d724d479,Entry,1 S,82d81931a4bb48c69c5afddb79ea4869,Entry,$0.61,1,SimPaperEdge,My NinjaTrader,
MNQ 03-24,Sell,1,16862.25,12/21/2023 12:00:24 PM,54c29f9194a241e3ba10de0fbd5a4b99,Entry,2 S,778e8d6418ab4a9e88b6ba34836ffc33,Entry,$0.61,1,SimPaperEdge,My NinjaTrader,
MNQ 03-24,Sell,1,16852.50,12/21/2023 12:04:09 PM,640f95b075ac45c5995130e345c9c392,Entry,3 S,9a47ea6729bc407d851465d0f0243ea5,Entry,$0.61,1,SimPaperEdge,My NinjaTrader,
MNQ 03-24,Buy,1,16837.75,12/21/2023 12:53:43 PM,89ac350c92174b4089bcbcf9dfe08c9e,Exit,2 S,e4d5512cae164ef8a7ee38159daf5591,Target1,$0.61,1,SimPaperEdge,My NinjaTrader,
MNQ 03-24,Buy,1,16837.75,12/21/2023 12:53:43 PM,d4fb717fb5bb42c5b50f1d0090a05159,Exit,1 S,1ecd124a31ca45fa821de3727cf80fee,Target1,$0.61,1,SimPaperEdge,My NinjaTrader,
MNQ 03-24,Buy,1,16837.75,12/21/2023 12:53:43 PM,3072f70e91d64852a241c9f728a78d79,Exit,-,a757fd80ddca471a9e3a8ee34e95862f,Target1,$0.61,1,SimPaperEdge,My NinjaTrader,
MNQ 03-24,Buy,1,16837.00,12/21/2023 12:56:30 PM,487113ae2413456e9963b743a7419385,Entry,1 L,9b9ea453bd7247b1b6f11eb51ad5c03b,Entry,$0.61,1,SimPaperEdge,My NinjaTrader,
MNQ 03-24,Buy,1,16827.50,12/21/2023 12:57:13 PM,bbaaffa53eba4661ad4cb70f7c615636,Entry,2 L,a7ba6628d6d84a0da364f80f73c779cf,Entry,$0.61,1,SimPaperEdge,My NinjaTrader,
MNQ 03-24,Sell,1,16847.00,12/21/2023 1:00:26 PM,dc4808953dbc4f3abebb09e901409184,Exit,1 L,57be400e3e4846f9936ff3cf2719a276,Target1,$0.61,1,SimPaperEdge,My NinjaTrader,
MNQ 03-24,Sell,1,16847.00,12/21/2023 1:00:26 PM,dacae1a085b44c468491178207522ad7,Exit,-,9fe0224883f94af3b7c0b1e4f643a04b,Target1,$0.61,1,SimPaperEdge,My NinjaTrader,
MNQ 03-24,Sell,1,16849.25,12/21/2023 1:00:39 PM,27c64034c1a544088477c385c521eb68,Entry,1 S,15dff3f006a44521b79c24016c4aa607,Entry,$0.61,1,SimPaperEdge,My NinjaTrader,
MNQ 03-24,Sell,1,16861.75,12/21/2023 1:04:48 PM,acc06ded4cc747de9b39892d216bbbc1,Entry,2 S,4fc4e3f71c1b45a6969420dcbedf7952,Entry,$0.61,1,SimPaperEdge,My NinjaTrader,
MNQ 03-24,Buy,1,16845.00,12/21/2023 1:15:26 PM,0c138b1d718d4e7fbbb02f7a3d7d8ecb,Exit,1 S,7ba11cf05dd241239500922e0a2b8b80,Target1,$0.61,1,SimPaperEdge,My NinjaTrader,
MNQ 03-24,Buy,1,16845.00,12/21/2023 1:15:26 PM,bce50fec240e4ef98a5c5e889e3707f5,Exit,-,3977976502f74693997db9b4790aae17,Target1,$0.61,1,SimPaperEdge,My NinjaTrader,
MNQ 03-24,Sell,1,16818.00,12/21/2023 1:19:18 PM,cc707cfb34764f18b5c8e40bd3df48ba,Entry,1 S,7727d77704064d728e8d697e65797fb0,Entry,$0.61,1,SimPaperEdge,My NinjaTrader,
MNQ 03-24,Sell,1,16826.50,12/21/2023 1:21:55 PM,2cdfba66c56142d699610b5c04cacdf6,Entry,2 S,c9c47a3f641745b49cecbbbd18a0e3b7,Entry,$0.61,1,SimPaperEdge,My NinjaTrader,
MNQ 03-24,Sell,1,16856.25,12/21/2023 1:22:26 PM,4ee44e937c954211b996bf5865cc72c9,Entry,3 S,3fb6a39401fa4dc2a1163ce60e0ecb65,Entry,$0.61,1,SimPaperEdge,My NinjaTrader,
MNQ 03-24,Buy,1,16889.50,12/21/2023 2:19:46 PM,4029e19eee284bb28679ba41c7bf3e8f,Exit,2 S,49fd6d708ef349abba29317ad8a56e0d,Stop1,$0.61,1,SimPaperEdge,My NinjaTrader,
MNQ 03-24,Buy,1,16889.50,12/21/2023 2:19:46 PM,901c65fa840743ceaaa27d9a546f0444,Exit,1 S,5ac67e9df0ce4080af9ed96af3eee51d,Stop1,$0.61,1,SimPaperEdge,My NinjaTrader,
MNQ 03-24,Buy,1,16889.50,12/21/2023 2:19:46 PM,d76eed59f0df41dbae739f723065cfab,Exit,-,48bf537b87a449a482bb57a8494a1326,Stop1,$0.61,1,SimPaperEdge,My NinjaTrader,
MNQ 03-24,Buy,1,16877.00,12/21/2023 2:22:35 PM,d97dcd5bfc634ec9a654dfb1a79ae744,Entry,1 L,88b1f100b6f74cd3bd41db717041aca4,Entry,$0.61,1,SimPaperEdge,My NinjaTrader,
MNQ 03-24,Buy,1,16869.50,12/21/2023 2:24:29 PM,8180fb3a7c52413ab79b06f3a7e66c34,Entry,2 L,c119286f64ce4e7495c366850d58bcb2,Entry,$0.61,1,SimPaperEdge,My NinjaTrader,
MNQ 03-24,Sell,1,16892.25,12/21/2023 2:37:46 PM,b0a1f11810554f429e93857882d9bd72,Exit,1 L,c311aca3885345f0b441c61453bb1efa,Target1,$0.61,1,SimPaperEdge,My NinjaTrader,
MNQ 03-24,Sell,1,16892.25,12/21/2023 2:37:46 PM,9118ca1fe3314682883c3ea71e5ed6fa,Exit,-,afbf3b7aa74f410a883b5fe1921bca6a,Target1,$0.61,1,SimPaperEdge,My NinjaTrader,
MNQ 03-24,Sell,1,16892.25,12/21/2023 2:38:11 PM,cae3f589c16f441888ab526b8ec7d8fd,Entry,1 S,35795c24e9364ac18435fc9924cd897a,Entry,$0.61,1,SimPaperEdge,My NinjaTrader,
MNQ 03-24,Sell,1,16897.50,12/21/2023 2:39:06 PM,9442f53341d24fffbfd238f3704b9462,Entry,2 S,936e46643d7a4988afd7e6994a8780c0,Entry,$0.61,1,SimPaperEdge,My NinjaTrader,
MNQ 03-24,Sell,1,16900.75,12/21/2023 2:42:40 PM,f0442f218dbd4bf8be7f53a70795ea98,Entry,3 S,b697503ec0bd438ebad1f4f01a3d4d2d,Entry,$0.61,1,SimPaperEdge,My NinjaTrader,
MNQ 03-24,Buy,1,16891.00,12/21/2023 2:53:34 PM,29d00f39c9764031baf055de478fc330,Exit,2 S,4cbaf36e936c4a6487f488156ef4c95b,Target1,$0.61,1,SimPaperEdge,My NinjaTrader,
MNQ 03-24,Buy,1,16891.00,12/21/2023 2:53:34 PM,d80c9a07b97041cfa06da596c82da427,Exit,1 S,56ebe17e1a174b9e91d36adf161336be,Target1,$0.61,1,SimPaperEdge,My NinjaTrader,
MNQ 03-24,Buy,1,16891.00,12/21/2023 2:53:34 PM,3c44ea492c5b49ce9d2861a1765f97a9,Exit,-,a25b13f82240400d8e689d69f9409683,Target1,$0.61,1,SimPaperEdge,My NinjaTrader,
MNQ 03-24,Buy,1,16885.50,12/21/2023 2:54:19 PM,5e7900933ea2433aa7070b63ad955b71,Entry,1 L,d05683103914486dac327869408ac2ad,Entry,$0.61,1,SimPaperEdge,My NinjaTrader,
MNQ 03-24,Buy,1,16873.75,12/21/2023 2:57:10 PM,4d4125b3f54d4b78a9cb631912176cef,Entry,2 L,9bd418a90623412098cd95584a6a7784,Entry,$0.61,1,SimPaperEdge,My NinjaTrader,
MNQ 03-24,Sell,1,16901.25,12/21/2023 3:13:17 PM,a6eb5f9c0b6545909233be4f6270b07d,Exit,1 L,a8e217363d8e414c872378976595a8a5,Target1,$0.61,1,SimPaperEdge,My NinjaTrader,
MNQ 03-24,Sell,1,16901.25,12/21/2023 3:13:17 PM,b07259795f2c42e59245104b131f56eb,Exit,-,aa0a71e19ed34fbca9d4b3be99793f53,Target1,$0.61,1,SimPaperEdge,My NinjaTrader,
MNQ 03-24,Sell,1,16900.50,12/21/2023 3:13:21 PM,47754be93a0243f4b3830d3b9e1e79dd,Entry,1 S,bf80fbfa95a94935936c21e308be2a08,Entry,$0.61,1,SimPaperEdge,My NinjaTrader,
MNQ 03-24,Sell,1,16901.75,12/21/2023 3:18:08 PM,c7e7dcf618f74665a86d6652c71bafa6,Entry,2 S,6a4414ac1e9a47b2833b85a65c448613,Entry,$0.61,1,SimPaperEdge,My NinjaTrader,
MNQ 03-24,Sell,1,16902.50,12/21/2023 3:18:26 PM,dcf795990b9744f48cd0677473f89012,Entry,3 S,80cfcbff16ad44fcbb02f6cf8faa79ba,Entry,$0.61,1,SimPaperEdge,My NinjaTrader,
MNQ 03-24,Buy,1,16922.25,12/21/2023 3:27:49 PM,4c8efc6544864a09b1329770d784a2f9,Exit,2 S,c1cb2361589a4e7787e7b24676bc6add,Stop1,$0.61,1,SimPaperEdge,My NinjaTrader,
MNQ 03-24,Buy,1,16922.25,12/21/2023 3:27:49 PM,e76933acb3bf4c3086f147021574b0a8,Exit,1 S,1923d817820445a5839cf792b4407917,Stop1,$0.61,1,SimPaperEdge,My NinjaTrader,
MNQ 03-24,Buy,1,16922.25,12/21/2023 3:27:49 PM,220bf4c8c591454da7de24c58ca36131,Exit,-,66852cead10f4365801b96a51ceae5c3,Stop1,$0.61,1,SimPaperEdge,My NinjaTrader,
MNQ 03-24,Buy,1,16924.00,12/21/2023 3:27:52 PM,4aba48b6ec2142f49717ee0c1a30cfcc,Entry,1 L,cd8c3e7d091146b0b556b8a20a94613b,Entry,$0.61,1,SimPaperEdge,My NinjaTrader,
MNQ 03-24,Buy,1,16926.25,12/21/2023 3:28:08 PM,85e811b1606f4187911096461ac527dc,Entry,2 L,89c680fdfbf941c2b18c008b286fc7bc,Entry,$0.61,1,SimPaperEdge,My NinjaTrader,
MNQ 03-24,Buy,1,16929.50,12/21/2023 3:28:25 PM,540da0da1d9a44a99e0fa9e79d853280,Entry,3 L,4ec7ef94ee9145c7a6333d17790b2e4a,Entry,$0.61,1,SimPaperEdge,My NinjaTrader,
MNQ 03-24,Sell,1,16946.50,12/21/2023 4:14:04 PM,305d956bf99643568f67fc54aa6aab2e,Exit,2 L,d31c02c8464243a3b89535ade40742d4,Target1,$0.61,1,SimPaperEdge,My NinjaTrader,
MNQ 03-24,Sell,1,16946.50,12/21/2023 4:14:04 PM,af72a29d17dd471c89e2f34655f9ff67,Exit,1 L,97721ba1c9da4093b5cfd36ce8d18364,Target1,$0.61,1,SimPaperEdge,My NinjaTrader,
MNQ 03-24,Sell,1,16946.50,12/21/2023 4:14:04 PM,0930d431288f4570bbf28bb0e8426844,Exit,-,6e8a81f6ddfb4be9bc3abae430286ec6,Target1,$0.61,1,SimPaperEdge,My NinjaTrader,
MNQ 03-24,Buy,1,17037.50,12/22/2023 9:50:41 AM,21f7307b77344214989ed6d76e7a652f,Entry,1 L,31d6e79982d84ee487aaac3c7ea1548b,Entry,$0.61,1,SimPaperEdge,My NinjaTrader,
MNQ 03-24,Sell,1,17027.50,12/22/2023 9:56:24 AM,6a30ab42552b426299cac2e635c51320,Exit,-,60e4cbb5d9f948a3ac6bb65907cd159b,Stop1,$0.61,1,SimPaperEdge,My NinjaTrader,
MNQ 03-24,Buy,1,17021.25,12/22/2023 10:00:33 AM,10414b6d259b4ca4949ef61463533e9d,Entry,1 L,f16090f896cf4652b464c92e52e3720a,,$0.61,1,SimPaperEdge,My NinjaTrader,
MNQ 03-24,Sell,1,16965.75,12/22/2023 4:32:00 PM,dc796590c0434562a67899ff810df041,Exit,-,3bf09bbb5a43461c9684dcce233123fe,Close,$0.61,1,SimPaperEdge,My NinjaTrader,
MNQ 03-24,Buy,1,16666.50,1/8/2024 10:49:32 AM,eb9fd0d4f2d74074a3860a3d1156face,Entry,1 L,ebe6ca48fcda4ff8a78b9fa5cb6fc592,Entry,$0.61,1,SimPaperEdge,My NinjaTrader,
MNQ 03-24,Sell,1,16651.50,1/8/2024 11:10:15 AM,699a036e0f4b485eb8abae661ac5bc48,Exit,-,0f7849dac13140859ce5385e0faa6d5d,Stop1,$0.61,1,SimPaperEdge,My NinjaTrader,
MNQ 03-24,Buy,1,16679.50,1/8/2024 12:02:15 PM,57a491d76a1b407caab952fbebb0f914,Entry,1 L,00a3fe34ea504e0da4eb63d765064b72,Entry,$0.61,1,SimPaperEdge,My NinjaTrader,
MNQ 03-24,Sell,1,16689.50,1/8/2024 12:03:11 PM,f56f80668e4c47908b7a559bd7532973,Exit,-,07b15264470f43fa97dfa38c649775e3,Target1,$0.61,1,SimPaperEdge,My NinjaTrader,
MNQ 03-24,Buy,1,16682.50,1/8/2024 12:05:13 PM,0870ba8b1a334443a1fa5c71f188f475,Entry,1 L,2e777c65550c42b4b5795596030f6456,Entry,$0.61,1,SimPaperEdge,My NinjaTrader,
MNQ 03-24,Sell,1,16692.50,1/8/2024 12:06:43 PM,c3e1db19e86b476fb902bce64149f52c,Exit,-,64c42e493c83415095baf305e88bfaed,Target1,$0.61,1,SimPaperEdge,My NinjaTrader,
MNQ 03-24,Buy,1,16691.25,1/8/2024 12:07:04 PM,5897cccc87934022bc0a3eb73411d7c8,Entry,1 L,a974d987decf4f3d865d86b7bf61174f,Entry,$0.61,1,SimPaperEdge,My NinjaTrader,
MNQ 03-24,Sell,1,16675.25,1/8/2024 12:23:43 PM,5116c32bb6e4428da6e2705152998f42,Exit,-,8ef1f4408ff2420d90671457be6ae1df,Stop1,$0.61,1,SimPaperEdge,My NinjaTrader,
MNQ 03-24,Buy,1,16684.25,1/8/2024 12:29:25 PM,e1897576921b4bada72b7f34a0469e99,Entry,1 L,6ab6d39bd8e6435788eaad02ce766825,Entry,$0.61,1,SimPaperEdge,My NinjaTrader,
MNQ 03-24,Sell,1,16694.25,1/8/2024 12:33:37 PM,1efc826b275b45a9ad900ff7a91b97bc,Exit,-,10db18bf408a43128970b4a82dba0d8e,Target1,$0.61,1,SimPaperEdge,My NinjaTrader,
MNQ 03-24,Buy,1,16705.50,1/8/2024 12:39:14 PM,785c7b0200d24235a14f919611ff97e4,Entry,1 L,0d27f1b208c8485aa7bc1d5899e0d0af,Entry,$0.61,1,SimPaperEdge,My NinjaTrader,
MNQ 03-24,Sell,1,16742.75,1/8/2024 2:17:38 PM,1840e44562da489eb876953d06f21e78,Exit,-,d2780b89528144389ffffafeaef84f77,Stop1,$0.61,1,SimPaperEdge,My NinjaTrader,
MNQ 03-24,Buy,1,16762.50,1/8/2024 2:37:40 PM,dd14b384e9fc438fae0ff09642c3ce7b,Entry,1 L,1f94e997725e4c38987bdd83e6d7a3b9,Entry,$0.61,1,SimPaperEdge,My NinjaTrader,
MNQ 03-24,Sell,1,16777.75,1/8/2024 3:00:15 PM,b49e7d0b5336497780dfe3eac92a9340,Exit,-,06602f0110024f49ae4054dcc8088b07,Stop1,$0.61,1,SimPaperEdge,My NinjaTrader,
MNQ 03-24,Sell,1,16678.50,1/9/2024 9:43:13 AM,891e72d02cea41a3990d6fb66898e2cf,Entry,1 S,3320553ec08840d68181269c9eb5a0a8,Entry,$0.61,1,SimPaperEdge,My NinjaTrader,
MNQ 03-24,Buy,1,16688.50,1/9/2024 9:43:40 AM,4e3a8123935f4507b5c0fafc4187616f,Exit,-,e187debf71e5496ca4d4ccdeba51332c,Stop1,$0.61,1,SimPaperEdge,My NinjaTrader,
MNQ 03-24,Buy,1,16898.00,1/10/2024 12:38:58 PM,bfdf22aea6574c6890d37aace97fe1c5,Entry,1 L,716ba3e7d57c4e5e9b383bd5daa73dbe,Entry,$0.61,1,SimPaperEdge,My NinjaTrader,
MNQ 03-24,Sell,1,16908.00,1/10/2024 12:50:21 PM,d543c23c58f34a58a213512e602f34a1,Exit,-,b009f083c17e42fdb6fa23b28ee6fdd3,Target1,$0.61,1,SimPaperEdge,My NinjaTrader,
MNQ 03-24,Sell,1,16966.25,1/11/2024 9:45:36 AM,19b2bec24070486e8795decaabcb9449,Entry,1 S,87f1d58c39ca4248bc8cd15283bf36ee,Entry,$0.61,1,SimPaperEdge,My NinjaTrader,
MNQ 03-24,Buy,1,16978.25,1/11/2024 9:46:20 AM,85a963b0a43e44028648796c2d7d0b27,Exit,-,180a31a407f94ac385ca687b0048e0c3,Stop1,$0.61,1,SimPaperEdge,My NinjaTrader,
MNQ 03-24,Sell,1,16908.50,1/11/2024 10:04:15 AM,df126460ea444e2e9510401b4c0fd4cd,Entry,1 S,00e4f3f9d1bc4f0f9cf17eac541145e6,Entry,$0.61,1,SimPaperEdge,My NinjaTrader,
MNQ 03-24,Buy,1,16898.50,1/11/2024 10:04:39 AM,b33da5a7872b490c94671e18ba4409a6,Exit,-,d798ecf4c76549058a561b7f3def85cf,Target1,$0.61,1,SimPaperEdge,My NinjaTrader,
MNQ 03-24,Sell,1,16833.50,1/11/2024 10:10:15 AM,3710c15710594221be3b8086454d9ab7,Entry,1 S,558c1e3b8adb496b957e2da2726b70cb,Entry,$0.61,1,SimPaperEdge,My NinjaTrader,
MNQ 03-24,Buy,1,16843.50,1/11/2024 10:11:02 AM,90f8ddff79a14302a511dece031010fd,Exit,-,20af569a49d8498b86556b2fd5d608a9,Stop1,$0.61,1,SimPaperEdge,My NinjaTrader,
MNQ 03-24,Buy,1,16917.50,1/11/2024 10:31:16 AM,f7349f7d2f1a43a1a88dec06eadc9cda,Entry,1 L,58ac1684d71b49c991fc6738b2f16196,Entry,$0.61,1,SimPaperEdge,My NinjaTrader,
MNQ 03-24,Sell,1,16907.50,1/11/2024 10:32:28 AM,213bd30ce2a5478e9fcd708f71047483,Exit,-,b717bda7f07946ca92aae9393e42d53c,Stop1,$0.61,1,SimPaperEdge,My NinjaTrader,
MNQ 03-24,Buy,1,16902.00,1/11/2024 10:33:12 AM,cebd08daeca34abdae89a17498b5c9cb,Entry,1 L,da9e9f53a68f42f099ce1344cd569092,Entry,$0.61,1,SimPaperEdge,My NinjaTrader,
MNQ 03-24,Sell,1,16880.50,1/11/2024 10:33:59 AM,3ee00c8c40ae47c99fcadfa698902e2c,Exit,-,6d683238800c4ed6b105d278d6ac691f,Stop1,$0.61,1,SimPaperEdge,My NinjaTrader,
MNQ 03-24,Sell,1,16876.00,1/11/2024 10:34:24 AM,7d9322a7e82b4595bcd8a073270b5d82,Entry,1 S,bbe04f2fae8943149fc6559e129135e9,Entry,$0.61,1,SimPaperEdge,My NinjaTrader,
MNQ 03-24,Buy,1,16893.75,1/11/2024 10:36:22 AM,9cfc882d63d346a0817ef9bc97d0e3d4,Exit,-,aaf65da3877d40a9bb5364c013884ac3,Stop1,$0.61,1,SimPaperEdge,My NinjaTrader,
MNQ 03-24,Buy,1,16860.25,1/11/2024 10:52:20 AM,6e93964471e341f9be7237465dee89a4,Entry,1 L,cd0c6ee44adc4dada7f158a008e38741,Entry,$0.61,1,SimPaperEdge,My NinjaTrader,
MNQ 03-24,Buy,1,16847.75,1/11/2024 10:54:40 AM,a5f9808f1b64452dad1c93d735e9caa7,Entry,2 L,6bb840294c7d4381bdbbcba83ede9644,Entry,$0.61,1,SimPaperEdge,My NinjaTrader,
MNQ 03-24,Sell,2,16849.50,1/11/2024 10:55:06 AM,dd8cad9763c44d75a342d126a394d610,Exit,-,68ea9e16906b4ae282e943394fbc9415,Close,$1.22,1,SimPaperEdge,My NinjaTrader,
MNQ 03-24,Sell,1,16849.25,1/11/2024 10:55:06 AM,1fe7620d83db4cacaea71ff975e257ee,Entry,1 S,06b50e03bd8043158213e9d16f1993a6,Entry,$0.61,1,SimPaperEdge,My NinjaTrader,
MNQ 03-24,Sell,1,16859.50,1/11/2024 10:56:04 AM,024dca4a237d4a0f8789a389f9011113,Entry,2 S,e039917ae15f46939c95082c632899f1,Entry,$0.61,1,SimPaperEdge,My NinjaTrader,
MNQ 03-24,Buy,1,16822.50,1/11/2024 11:13:05 AM,b61ca63f687c4c3eb3f90ce87f215b91,Exit,1 S,7bb421172288499496dde6149898c53b,Target1,$0.61,1,SimPaperEdge,My NinjaTrader,
MNQ 03-24,Buy,1,16822.50,1/11/2024 11:13:05 AM,e9a68d5f8d7d423eb202207a514f96fa,Exit,-,0b616d09ee424143bbeb2a0e360fb8f0,Target1,$0.61,1,SimPaperEdge,My NinjaTrader,
MNQ 03-24,Sell,1,16788.25,1/11/2024 11:16:18 AM,4610b2bb5fa4455d8e16f778195c84ba,Entry,1 S,f1db380d3e9f4426b1223534475e06b3,Entry,$0.61,1,SimPaperEdge,My NinjaTrader,
MNQ 03-24,Sell,1,16809.00,1/11/2024 11:20:07 AM,efad3801e9e9474faaf3d4bb3c0e4758,Entry,2 S,afc7531ac6e742cfa0988316dfd6e3d0,Entry,$0.61,1,SimPaperEdge,My NinjaTrader,
MNQ 03-24,Sell,1,16772.75,1/11/2024 11:40:24 AM,834df30caced49b9863c304d6cfc2d20,Entry,3 S,86478b02732744dbafd157335379e0fd,Entry,$0.61,1,SimPaperEdge,My NinjaTrader,
MNQ 03-24,Buy,1,16788.00,1/11/2024 11:40:43 AM,1c61620889db4d32ae3a0cc7eda88d55,Exit,2 S,fdd6091136ec46abb968c69907f69a81,Stop1,$0.61,1,SimPaperEdge,My NinjaTrader,
MNQ 03-24,Buy,1,16788.00,1/11/2024 11:40:43 AM,ded9c76f924149bf9b1a64d560a49bc8,Exit,1 S,e1d2e95a0cfc4d0f9143218b1c92ae43,Stop1,$0.61,1,SimPaperEdge,My NinjaTrader,
MNQ 03-24,Buy,1,16788.00,1/11/2024 11:40:43 AM,f326cd32be864c1f8f8147a6ffeec00c,Exit,-,e2ca8da9a1d04f548caa8449170f0500,Stop1,$0.61,1,SimPaperEdge,My NinjaTrader,
MNQ 03-24,Sell,1,16788.25,1/11/2024 11:41:40 AM,624597d770134c2ca4e94bbd6f201344,Entry,1 S,8ed9ded76ad14357a97001b3ac9fc07a,Entry,$0.61,1,SimPaperEdge,My NinjaTrader,
MNQ 03-24,Buy,1,16772.00,1/11/2024 11:45:22 AM,51848e5750ce483882d89208cafd0646,Exit,-,b98ee6acc70941eea03ba098e5a124c5,Target1,$0.61,1,SimPaperEdge,My NinjaTrader,
MNQ 03-24,Sell,1,16768.75,1/11/2024 11:46:34 AM,cd5c3837939841449b4551fa981746e9,Entry,1 S,4d4633efc7874af898eb843aa9111dba,Entry,$0.61,1,SimPaperEdge,My NinjaTrader,
MNQ 03-24,Sell,1,16788.00,1/11/2024 11:47:39 AM,514d826bcd6e475b834f29d59c739521,Entry,2 S,3c6a0e69fbde4541a0075e14625c2480,Entry,$0.61,1,SimPaperEdge,My NinjaTrader,
MNQ 03-24,Sell,1,16802.25,1/11/2024 11:49:43 AM,1ae7960b853d4ad1839b9121b16a94c7,Entry,3 S,2da92954d5b1499382ff3ac237495387,Entry,$0.61,1,SimPaperEdge,My NinjaTrader,
MNQ 03-24,Buy,1,16853.00,1/11/2024 12:51:35 PM,10fb4e3eb28c45c19b510a518d91eefe,Exit,2 S,b65c262f0fee42bc8f14239d359e4ef2,Entry,$0.61,1,SimPaperEdge,My NinjaTrader,
MNQ 03-24,Buy,2,16853.00,1/11/2024 12:51:35 PM,efe5eb929ed3406388c951f296216b41,Exit,-,f7d2be5673264e03b12b11e14737143f,Entry,$1.22,1,SimPaperEdge,My NinjaTrader,
